image_id,source_image_id,port,country,original_gsd,target_gsd,modality,degradation,upscale_method,label_type,split,verification_status,lat,lon,zoom,width,height,n_ships,scene_type,ground_w_m,ground_h_m,field_gsd,date
100000001,100000001,murmansk,RU,0.2136,10.00,optical_rgb,none,none,obb+hbb,train,coord_match,69.040297,33.070036,18,1166,753,1,sealand,249.1,160.9,1.07,2014-07-01
100000002,100000002,murmansk,RU,0.2136,10.00,optical_rgb,none,none,obb+hbb,train,coord_match,69.040297,33.070036,18,1146,818,1,sealand,244.8,174.7,1.07,2015-04-06
100000003,100000003,murmansk,RU,0.2136,10.00,optical_rgb,none,none,obb+hbb,test,coord_match,69.040297,33.070036,18,1155,820,1,sealand,246.7,175.2,1.07,2014-06-04
100000004,100000004,murmansk,RU,0.2136,10.00,optical_rgb,none,none,obb+hbb,train,coord_match,69.040297,33.070036,18,1168,804,1,sealand,249.5,171.7,1.07,2014-05-29
100000005,100000005,murmansk,RU,0.2136,10.00,optical_rgb,none,none,obb+hbb,test,coord_match,69.040297,33.070036,18,1189,787,1,sealand,254.0,168.1,1.07,2013-05-23
100000006,100000006,murmansk,RU,0.2136,10.00,optical_rgb,none,none,obb+hbb,val,coord_match,69.040297,33.070036,18,1172,816,1,sealand,250.4,174.3,1.07,1900-01-01
100000007,100000007,murmansk,RU,0.2136,10.00,optical_rgb,none,none,obb+hbb,train,coord_match,69.040297,33.070036,18,1112,817,1,sealand,237.5,174.5,1.07,2012-06-25
100000008,100000008,murmansk,RU,0.2136,10.00,optical_rgb,none,none,obb+hbb,train,coord_match,69.040297,33.070036,18,1053,788,1,sealand,224.9,168.3,1.07,2011-08-23
100000009,100000009,murmansk,RU,0.2136,10.00,optical_rgb,none,none,obb+hbb,train,coord_match,69.040297,33.070036,18,1138,833,1,sealand,243.1,177.9,1.07,2010-04-10
100000010,100000010,murmansk,RU,0.2136,10.00,optical_rgb,none,none,obb+hbb,val,coord_match,69.040297,33.070036,18,1186,815,1,sealand,253.3,174.1,1.07,2010-04-02
100000011,100000011,murmansk,RU,0.2136,10.00,optical_rgb,none,none,obb+hbb,train,coord_match,69.040297,33.070036,18,1174,818,2,sealand,250.8,174.7,1.07,2005-07-07
100000012,100000012,murmansk,RU,0.2115,10.00,optical_rgb,none,none,obb+hbb,unassigned,coord_match,69.259939,33.326683,18,1137,819,0,sealand,240.4,173.2,1.07,2014-05-29
100000013,100000013,murmansk,RU,0.2115,10.00,optical_rgb,none,none,obb+hbb,unassigned,coord_match,69.259939,33.326683,18,1183,813,0,sealand,250.2,171.9,1.07,2013-07-31
100000014,100000014,murmansk,RU,0.2115,10.00,optical_rgb,none,none,obb+hbb,unassigned,coord_match,69.259939,33.326683,18,1168,802,0,sealand,247.0,169.6,1.07,2013-05-23
100000015,100000015,murmansk,RU,0.2115,10.00,optical_rgb,none,none,obb+hbb,unassigned,coord_match,69.259939,33.326683,18,1153,805,0,sealand,243.8,170.2,1.07,2012-05-14
100000016,100000016,murmansk,RU,0.2115,10.00,optical_rgb,none,none,obb+hbb,unassigned,coord_match,69.259939,33.326683,18,1155,804,0,sealand,244.3,170.0,1.07,2011-04-15
100000017,100000017,murmansk,RU,0.2115,10.00,optical_rgb,none,none,obb+hbb,unassigned,coord_match,69.259939,33.326683,18,1179,828,0,sealand,249.3,175.1,1.07,2010-06-25
100000018,100000018,murmansk,RU,0.2115,10.00,optical_rgb,none,none,obb+hbb,unassigned,coord_match,69.259939,33.326683,18,1202,821,0,sealand,254.2,173.6,1.07,2007-06-15
100000019,100000019,murmansk,RU,0.2115,10.00,optical_rgb,none,none,obb+hbb,unassigned,coord_match,69.259939,33.326683,18,1188,828,0,sealand,251.2,175.1,1.07,2007-05-23
100000020,100000020,murmansk,RU,0.2115,10.00,optical_rgb,none,none,obb+hbb,unassigned,coord_match,69.259939,33.326683,18,1146,813,0,sealand,242.3,171.9,1.07,2005-07-07
100000021,100000021,murmansk,RU,0.2115,10.00,optical_rgb,none,none,obb+hbb,unassigned,coord_match,69.259939,33.326683,18,1187,820,0,sealand,251.0,173.4,1.07,2005-07-02
100000022,100000022,murmansk,RU,0.2115,10.00,optical_rgb,none,none,obb+hbb,unassigned,coord_match,69.259939,33.326683,18,1195,822,0,sealand,252.7,173.8,1.07,2005-06-11
100000023,100000023,murmansk,RU,0.2115,10.00,optical_rgb,none,none,obb+hbb,unassigned,coord_match,69.259939,33.326683,18,1183,817,0,sealand,250.2,172.8,1.07,2002-05-01
100000024,100000024,murmansk,RU,0.2115,10.00,optical_rgb,none,none,obb+hbb,unassigned,coord_match,69.259939,33.326683,18,1146,813,0,sealand,242.3,171.9,1.07,2004-05-26
100000025,100000025,murmansk,RU,0.2115,10.00,optical_rgb,none,none,obb+hbb,unassigned,coord_match,69.259939,33.326683,18,1152,817,0,sealand,243.6,172.8,1.07,2004-05-28
100000026,100000026,murmansk,RU,0.2115,10.00,optical_rgb,none,none,obb+hbb,unassigned,coord_match,69.259939,33.326683,18,1187,825,0,sealand,251.0,174.5,1.07,2004-10-14
100000027,100000027,murmansk,RU,0.2115,10.00,optical_rgb,none,none,obb+hbb,unassigned,coord_match,69.261914,33.320219,18,1166,819,0,sealand,246.6,173.2,1.07,2014-05-29
100000028,100000028,murmansk,RU,0.2115,10.00,optical_rgb,none,none,obb+hbb,unassigned,coord_match,69.261914,33.320219,18,1192,819,0,sealand,252.1,173.2,1.07,2013-07-31
100000029,100000029,murmansk,RU,0.2115,10.00,optical_rgb,none,none,obb+hbb,unassigned,coord_match,69.261914,33.320219,18,1169,832,0,sealand,247.2,175.9,1.07,2013-05-23
100000030,100000030,murmansk,RU,0.2115,10.00,optical_rgb,none,none,obb+hbb,unassigned,coord_match,69.261914,33.320219,18,1191,791,0,sealand,251.8,167.3,1.07,2012-05-14
100000031,100000031,murmansk,RU,0.2115,10.00,optical_rgb,none,none,obb+hbb,unassigned,coord_match,69.261914,33.320219,18,1164,813,0,sealand,246.1,171.9,1.07,2011-04-15
100000032,100000032,murmansk,RU,0.2115,10.00,optical_rgb,none,none,obb+hbb,unassigned,coord_match,69.261914,33.320219,18,1197,823,0,sealand,253.1,174.0,1.07,2010-06-25
100000033,100000033,murmansk,RU,0.2115,10.00,optical_rgb,none,none,obb+hbb,unassigned,coord_match,69.261914,33.320219,18,1176,820,0,sealand,248.7,173.4,1.07,2007-06-15
100000034,100000034,murmansk,RU,0.2115,10.00,optical_rgb,none,none,obb+hbb,unassigned,coord_match,69.261914,33.320219,18,1107,822,0,sealand,234.1,173.8,1.07,2007-05-23
100000035,100000035,murmansk,RU,0.2115,10.00,optical_rgb,none,none,obb+hbb,unassigned,coord_match,69.261914,33.320219,18,1175,814,0,sealand,248.5,172.1,1.07,2005-07-07
100000036,100000036,murmansk,RU,0.2115,10.00,optical_rgb,none,none,obb+hbb,unassigned,coord_match,69.261914,33.320219,18,1183,812,0,sealand,250.1,171.7,1.07,2005-07-02
100000037,100000037,murmansk,RU,0.2115,10.00,optical_rgb,none,none,obb+hbb,unassigned,coord_match,69.261914,33.320219,18,1193,817,0,sealand,252.3,172.8,1.07,2005-07-02
100000038,100000038,murmansk,RU,0.2115,10.00,optical_rgb,none,none,obb+hbb,unassigned,coord_match,69.261914,33.320219,18,1189,825,0,sealand,251.4,174.4,1.07,2005-06-11
100000039,100000039,murmansk,RU,0.2115,10.00,optical_rgb,none,none,obb+hbb,unassigned,coord_match,69.261914,33.320219,18,1177,834,0,sealand,248.9,176.4,1.07,2004-10-14
100000040,100000040,murmansk,RU,0.2115,10.00,optical_rgb,none,none,obb+hbb,unassigned,coord_match,69.261914,33.320219,18,1177,823,0,sealand,248.9,174.0,1.07,2004-10-14
100000041,100000041,murmansk,RU,0.2115,10.00,optical_rgb,none,none,obb+hbb,unassigned,coord_match,69.261914,33.320219,18,1183,815,0,sealand,250.1,172.3,1.07,2004-05-28
100000042,100000042,murmansk,RU,0.2115,10.00,optical_rgb,none,none,obb+hbb,unassigned,coord_match,69.261914,33.320219,18,1192,821,0,sealand,252.1,173.6,1.07,2004-05-26
100000043,100000043,murmansk,RU,0.2115,10.00,optical_rgb,none,none,obb+hbb,unassigned,coord_match,69.261914,33.320219,18,1174,817,0,sealand,248.2,172.8,1.07,2002-05-01
100000044,100000044,murmansk,RU,0.1057,10.00,optical_rgb,none,none,obb+hbb,unassigned,coord_match,69.261914,33.320219,19,1161,813,0,sea,122.7,86.0,0.54,2005-07-07
100000045,100000045,murmansk,RU,0.2115,10.00,optical_rgb,none,none,obb+hbb,unassigned,coord_match,69.261914,33.320219,18,1153,793,0,sea,243.8,167.7,1.07,2007-06-15
100000046,100000046,murmansk,RU,0.1057,10.00,optical_rgb,none,none,obb+hbb,unassigned,coord_match,69.259939,33.326683,19,1170,818,0,sealand,123.7,86.5,0.54,2007-06-15
100000047,100000047,murmansk,RU,0.2115,10.00,optical_rgb,none,none,obb+hbb,unassigned,coord_match,69.25895,33.340597,18,1181,828,0,sealand,249.8,175.1,1.07,2014-05-29
100000048,100000048,murmansk,RU,0.2115,10.00,optical_rgb,none,none,obb+hbb,unassigned,coord_match,69.25895,33.340597,18,1170,819,0,sealand,247.4,173.2,1.07,2013-07-31
100000049,100000049,murmansk,RU,0.2115,10.00,optical_rgb,none,none,obb+hbb,unassigned,coord_match,69.25895,33.340597,18,1158,828,0,sealand,244.9,175.1,1.07,2013-05-23
100000050,100000050,murmansk,RU,0.2115,10.00,optical_rgb,none,none,obb+hbb,unassigned,coord_match,69.25895,33.340597,18,1148,796,0,sealand,242.8,168.3,1.07,2012-05-14
100000051,100000051,murmansk,RU,0.2115,10.00,optical_rgb,none,none,obb+hbb,unassigned,coord_match,69.25895,33.340597,18,1135,800,0,sealand,240.0,169.2,1.07,2011-04-15
100000052,100000052,murmansk,RU,0.2115,10.00,optical_rgb,none,none,obb+hbb,unassigned,coord_match,69.25895,33.340597,18,1183,818,0,sealand,250.2,173.0,1.07,2010-06-25
100000053,100000053,murmansk,RU,0.2115,10.00,optical_rgb,none,none,obb+hbb,unassigned,coord_match,69.25895,33.340597,18,1173,802,0,sealand,248.1,169.6,1.07,2007-06-15
100000054,100000054,murmansk,RU,0.2115,10.00,optical_rgb,none,none,obb+hbb,unassigned,coord_match,69.25895,33.340597,18,1153,821,0,sealand,243.8,173.6,1.07,2007-05-23
100000055,100000055,murmansk,RU,0.2115,10.00,optical_rgb,none,none,obb+hbb,unassigned,coord_match,69.25895,33.340597,18,1193,821,0,sealand,252.3,173.6,1.07,2005-07-02
100000056,100000056,murmansk,RU,0.2115,10.00,optical_rgb,none,none,obb+hbb,unassigned,coord_match,69.25895,33.340597,18,1183,827,0,sealand,250.2,174.9,1.07,2005-06-11
100000057,100000057,murmansk,RU,0.2115,10.00,optical_rgb,none,none,obb+hbb,unassigned,coord_match,69.25895,33.340597,18,1175,813,0,sealand,248.5,171.9,1.07,2005-05-19
100000058,100000058,murmansk,RU,0.2115,10.00,optical_rgb,none,none,obb+hbb,unassigned,coord_match,69.25895,33.340597,18,1164,818,0,sealand,246.2,173.0,1.07,2004-10-14
100000059,100000059,murmansk,RU,0.2115,10.00,optical_rgb,none,none,obb+hbb,unassigned,coord_match,69.25895,33.340597,18,1174,828,0,sealand,248.3,175.1,1.07,2004-05-28
100000060,100000060,murmansk,RU,0.2115,10.00,optical_rgb,none,none,obb+hbb,unassigned,coord_match,69.25895,33.340597,18,1167,831,0,sealand,246.8,175.7,1.07,2004-05-26
100000061,100000061,murmansk,RU,0.2115,10.00,optical_rgb,none,none,obb+hbb,unassigned,coord_match,69.25895,33.340597,18,1195,827,0,sealand,252.7,174.9,1.07,2002-05-01
100000062,100000062,murmansk,RU,0.2118,10.00,optical_rgb,none,none,obb+hbb,unassigned,coord_match,69.230936,33.464692,18,1186,813,0,sealand,251.1,172.2,1.07,2015-04-07
100000063,100000063,murmansk,RU,0.2114,10.00,optical_rgb,none,none,obb+hbb,unassigned,coord_match,69.265086,33.343972,18,1329,830,0,sealand,281.0,175.5,1.07,2002-05-01
100000064,100000064,murmansk,RU,0.2114,10.00,optical_rgb,none,none,obb+hbb,unassigned,coord_match,69.265086,33.343972,18,1321,814,0,sealand,279.3,172.1,1.07,2004-05-26
100000065,100000065,murmansk,RU,0.2114,10.00,optical_rgb,none,none,obb+hbb,unassigned,coord_match,69.265086,33.343972,18,1333,822,0,sealand,281.8,173.8,1.07,2004-05-28
100000066,100000066,murmansk,RU,0.2114,10.00,optical_rgb,none,none,obb+hbb,unassigned,coord_match,69.265086,33.343972,18,1323,821,0,sealand,279.7,173.6,1.07,2004-10-14
100000067,100000067,murmansk,RU,0.2114,10.00,optical_rgb,none,none,obb+hbb,unassigned,coord_match,69.265086,33.343972,18,1267,812,0,sealand,267.9,171.7,1.07,2005-05-19
100000068,100000068,murmansk,RU,0.2114,10.00,optical_rgb,none,none,obb+hbb,unassigned,coord_match,69.265086,33.343972,18,1325,824,0,sealand,280.1,174.2,1.07,2005-06-11
100000069,100000069,murmansk,RU,0.2114,10.00,optical_rgb,none,none,obb+hbb,unassigned,coord_match,69.265086,33.343972,18,1303,820,0,sealand,275.5,173.4,1.07,2007-05-23
100000070,100000070,murmansk,RU,0.2114,10.00,optical_rgb,none,none,obb+hbb,unassigned,coord_match,69.265086,33.343972,18,1314,828,0,sealand,277.8,175.1,1.07,2007-06-15
100000071,100000071,murmansk,RU,0.2112,10.00,optical_rgb,none,none,obb+hbb,unassigned,coord_match,69.290294,33.512236,18,1295,809,0,sea,273.5,170.8,1.07,2014-05-29
100000072,100000072,murmansk,RU,0.2112,10.00,optical_rgb,none,none,obb+hbb,unassigned,coord_match,69.290294,33.512236,18,1291,809,0,sea,272.6,170.8,1.07,2013-07-31
100000073,100000073,murmansk,RU,0.2118,10.00,optical_rgb,none,none,obb+hbb,unassigned,coord_match,69.230011,33.534169,18,1272,812,0,sea,269.4,172.0,1.07,2014-05-29
100000074,100000074,murmansk,RU,0.2118,10.00,optical_rgb,none,none,obb+hbb,unassigned,coord_match,69.230878,33.464586,18,1306,808,0,sea,276.6,171.1,1.07,2014-05-29
100000075,100000075,murmansk,RU,0.2133,10.00,optical_rgb,none,none,obb+hbb,unassigned,coord_match,69.072047,33.160889,18,1323,816,0,sea,282.2,174.1,1.07,2014-06-04
100000076,100000076,murmansk,RU,0.2134,10.00,optical_rgb,none,none,obb+hbb,unassigned,coord_match,69.066814,33.135281,18,1296,812,0,sea,276.5,173.2,1.07,2014-06-04
100000077,100000077,murmansk,RU,0.2134,10.00,optical_rgb,none,none,obb+hbb,unassigned,coord_match,69.060264,33.056186,18,1312,814,0,sea,280.0,173.7,1.07,2014-06-04
100000078,100000078,murmansk,RU,0.2137,10.00,optical_rgb,none,none,obb+hbb,unassigned,coord_match,69.030406,33.035986,18,1167,843,0,sea,249.4,180.2,1.07,2014-06-04
100000079,100000079,murmansk,RU,0.2139,10.00,optical_rgb,none,none,obb+hbb,unassigned,coord_match,69.013658,33.028703,18,1154,807,0,sea,246.8,172.6,1.07,2014-06-04
100000080,100000080,murmansk,RU,0.2139,10.00,optical_rgb,none,none,obb+hbb,unassigned,coord_match,69.013658,33.028703,18,1160,810,0,sea,248.1,173.2,1.07,2014-06-04
100000081,100000081,murmansk,RU,0.2141,10.00,optical_rgb,none,none,obb+hbb,unassigned,coord_match,68.992578,33.034306,18,1177,816,0,sea,252.0,174.7,1.07,2014-06-04
100000082,100000082,murmansk,RU,0.2143,10.00,optical_rgb,none,none,obb+hbb,unassigned,coord_match,68.964636,33.029958,18,1162,808,0,sea,249.1,173.2,1.07,2014-05-29
100000083,100000083,murmansk,RU,0.2143,10.00,optical_rgb,none,none,obb+hbb,unassigned,coord_match,68.964636,33.029958,18,1131,743,0,sea,242.4,159.3,1.07,2014-05-29
100000084,100000084,murmansk,RU,0.2144,10.00,optical_rgb,none,none,obb+hbb,unassigned,coord_match,68.955606,33.011433,18,1174,825,0,sealand,251.7,176.9,1.07,2014-05-29
100000085,100000085,murmansk,RU,0.2145,10.00,optical_rgb,none,none,obb+hbb,unassigned,coord_match,68.946536,33.016661,18,1155,792,0,sea,247.8,169.9,1.07,2014-08-05
100000086,100000086,murmansk,RU,0.2145,10.00,optical_rgb,none,none,obb+hbb,unassigned,coord_match,68.951739,33.013453,18,1159,796,0,sea,248.6,170.7,1.07,2014-08-05
100000087,100000087,murmansk,RU,0.2144,10.00,optical_rgb,none,none,obb+hbb,unassigned,coord_match,68.959208,33.022011,18,1110,717,0,sea,238.0,153.7,1.07,2014-08-05
100000088,100000088,murmansk,RU,0.2144,10.00,optical_rgb,none,none,obb+hbb,unassigned,coord_match,68.961981,33.027731,18,933,613,0,sea,200.0,131.4,1.07,2014-08-05
100000089,100000089,murmansk,RU,0.2141,10.00,optical_rgb,none,none,obb+hbb,unassigned,coord_match,68.986981,33.038531,18,1166,762,0,sea,249.7,163.2,1.07,2014-08-05
100000090,100000090,murmansk,RU,0.2141,10.00,optical_rgb,none,none,obb+hbb,unassigned,coord_match,68.986981,33.038531,18,1127,809,0,sealand,241.3,173.2,1.07,2014-08-05
100000091,100000091,murmansk,RU,0.2139,10.00,optical_rgb,none,none,obb+hbb,unassigned,coord_match,69.007053,33.034519,18,1133,816,0,sea,242.4,174.6,1.07,2014-08-05
100000092,100000092,murmansk,RU,0.2138,10.00,optical_rgb,none,none,obb+hbb,unassigned,coord_match,69.021028,33.037392,18,1164,809,0,sea,248.9,173.0,1.07,2014-06-04
100000093,100000093,murmansk,RU,0.2137,10.00,optical_rgb,none,none,obb+hbb,unassigned,coord_match,69.03065,33.042686,18,1156,837,0,sea,247.0,178.9,1.07,2014-06-04
100000094,100000094,murmansk,RU,0.2137,10.00,optical_rgb,none,none,obb+hbb,unassigned,coord_match,69.03065,33.042686,18,1163,793,0,sea,248.5,169.5,1.07,2014-06-04
100000095,100000095,murmansk,RU,0.2135,10.00,optical_rgb,none,none,obb+hbb,unassigned,coord_match,69.052781,33.048219,18,1160,812,0,sea,247.6,173.4,1.07,2014-06-04
100000096,100000096,murmansk,RU,0.2134,10.00,optical_rgb,none,none,obb+hbb,unassigned,coord_match,69.066139,33.132372,18,1153,805,0,sea,246.0,171.8,1.07,2014-06-04
100000097,100000097,murmansk,RU,0.2113,10.00,optical_rgb,none,none,obb+hbb,unassigned,coord_match,69.275383,33.463636,18,1143,801,0,sea,241.5,169.3,1.07,2013-07-31
100000098,100000098,murmansk,RU,0.2115,10.00,optical_rgb,none,none,obb+hbb,unassigned,coord_match,69.261156,33.275847,18,1138,773,0,sea,240.6,163.5,1.07,2013-07-31
100000099,100000099,murmansk,RU,0.2115,10.00,optical_rgb,none,none,obb+hbb,unassigned,coord_match,69.252467,33.461744,18,1157,806,0,sea,244.8,170.5,1.07,2013-07-31
100000100,100000100,murmansk,RU,0.2112,10.00,optical_rgb,none,none,obb+hbb,unassigned,coord_match,69.285328,33.441672,18,1128,798,0,sea,238.3,168.6,1.07,2012-05-14
100000101,100000101,murmansk,RU,0.2114,10.00,optical_rgb,none,none,obb+hbb,unassigned,coord_match,69.270942,33.441786,18,1166,819,0,sea,246.5,173.1,1.07,2012-05-14
100000102,100000102,murmansk,RU,0.2114,10.00,optical_rgb,none,none,obb+hbb,unassigned,coord_match,69.270942,33.441786,18,1143,804,0,sea,241.6,169.9,1.07,2012-05-14
100000103,100000103,murmansk,RU,0.2114,10.00,optical_rgb,none,none,obb+hbb,unassigned,coord_match,69.2711,33.424317,18,1157,815,0,sealand,244.5,172.3,1.07,2007-06-15
100000104,100000104,murmansk,RU,0.2115,10.00,optical_rgb,none,none,obb+hbb,unassigned,coord_match,69.252469,33.505514,18,1134,740,0,sea,239.9,156.5,1.07,2007-06-15
100000105,100000105,murmansk,RU,0.2118,10.00,optical_rgb,none,none,obb+hbb,unassigned,coord_match,69.224592,33.515594,18,1151,813,0,sea,243.8,172.2,1.07,2007-06-15
100000106,100000106,murmansk,RU,0.2118,10.00,optical_rgb,none,none,obb+hbb,unassigned,coord_match,69.22645,33.415789,18,1084,674,0,sea,229.6,142.8,1.07,2007-06-15
100000107,100000107,murmansk,RU,0.2118,10.00,optical_rgb,none,none,obb+hbb,unassigned,coord_match,69.228956,33.437292,18,1102,772,0,sea,233.4,163.5,1.07,2007-06-15
100000108,100000108,murmansk,RU,0.2119,10.00,optical_rgb,none,none,obb+hbb,unassigned,coord_match,69.214444,33.288114,18,1179,819,0,sealand,249.8,173.6,1.07,2014-05-29
100000109,100000109,murmansk,RU,0.2119,10.00,optical_rgb,none,none,obb+hbb,unassigned,coord_match,69.216208,33.303217,18,1165,825,0,sealand,246.9,174.8,1.07,2014-05-29
100000110,100000110,murmansk,RU,0.2119,10.00,optical_rgb,none,none,obb+hbb,unassigned,coord_match,69.216208,33.303217,18,1162,767,0,sealand,246.2,162.5,1.07,2013-07-31
100000111,100000111,murmansk,RU,0.2119,10.00,optical_rgb,none,none,obb+hbb,unassigned,coord_match,69.214444,33.288114,18,1155,809,0,sealand,244.8,171.4,1.07,2013-07-31
100000112,100000112,murmansk,RU,0.2119,10.00,optical_rgb,none,none,obb+hbb,unassigned,coord_match,69.214444,33.288114,18,1177,806,0,sealand,249.4,170.8,1.07,2013-05-23
100000113,100000113,murmansk,RU,0.2119,10.00,optical_rgb,none,none,obb+hbb,unassigned,coord_match,69.216208,33.303217,18,1170,821,0,sealand,247.9,174.0,1.07,2013-05-23
100000114,100000114,murmansk,RU,0.2119,10.00,optical_rgb,none,none,obb+hbb,unassigned,coord_match,69.216208,33.303217,18,1176,816,0,sealand,249.2,172.9,1.07,2012-05-14
100000115,100000115,murmansk,RU,0.2119,10.00,optical_rgb,none,none,obb+hbb,unassigned,coord_match,69.214444,33.288114,18,1177,799,0,sealand,249.4,169.3,1.07,2012-05-14
100000116,100000116,murmansk,RU,0.2119,10.00,optical_rgb,none,none,obb+hbb,unassigned,coord_match,69.214444,33.288114,18,1157,818,0,sealand,245.2,173.3,1.07,2010-06-25
100000117,100000117,murmansk,RU,0.2119,10.00,optical_rgb,none,none,obb+hbb,unassigned,coord_match,69.216208,33.303217,18,1169,805,0,sealand,247.7,170.6,1.07,2010-06-25
100000118,100000118,murmansk,RU,0.2119,10.00,optical_rgb,none,none,obb+hbb,unassigned,coord_match,69.216208,33.303217,18,1182,816,0,sealand,250.5,172.9,1.07,2010-06-15
100000119,100000119,murmansk,RU,0.2119,10.00,optical_rgb,none,none,obb+hbb,unassigned,coord_match,69.214444,33.288114,18,1181,828,0,sealand,250.3,175.5,1.07,2010-06-15
100000120,100000120,murmansk,RU,0.2119,10.00,optical_rgb,none,none,obb+hbb,unassigned,coord_match,69.214444,33.288114,18,1173,822,0,sealand,248.6,174.2,1.07,2007-05-23
100000121,100000121,murmansk,RU,0.2119,10.00,optical_rgb,none,none,obb+hbb,unassigned,coord_match,69.216208,33.303217,18,1171,814,0,sealand,248.1,172.5,1.07,2007-05-23
100000122,100000122,murmansk,RU,0.2119,10.00,optical_rgb,none,none,obb+hbb,unassigned,coord_match,69.216208,33.303217,18,1180,816,0,sealand,250.0,172.9,1.07,2005-07-07
100000123,100000123,murmansk,RU,0.2119,10.00,optical_rgb,none,none,obb+hbb,unassigned,coord_match,69.214444,33.288114,18,1163,822,0,sealand,246.5,174.2,1.07,2005-07-07
100000124,100000124,murmansk,RU,0.2119,10.00,optical_rgb,none,none,obb+hbb,unassigned,coord_match,69.214444,33.288114,18,1180,833,0,sealand,250.1,176.5,1.07,2005-07-02
100000125,100000125,murmansk,RU,0.2119,10.00,optical_rgb,none,none,obb+hbb,unassigned,coord_match,69.216208,33.303217,18,1172,835,0,sealand,248.3,176.9,1.07,2005-07-02
100000126,100000126,murmansk,RU,0.2119,10.00,optical_rgb,none,none,obb+hbb,unassigned,coord_match,69.216208,33.303217,18,1177,823,0,sealand,249.4,174.4,1.07,2005-07-02
100000127,100000127,murmansk,RU,0.2119,10.00,optical_rgb,none,none,obb+hbb,unassigned,coord_match,69.216208,33.303217,18,1176,821,0,sealand,249.2,174.0,1.07,2005-06-11
100000128,100000128,murmansk,RU,0.2119,10.00,optical_rgb,none,none,obb+hbb,unassigned,coord_match,69.216208,33.303217,18,1016,644,0,sealand,215.3,136.5,1.07,2005-06-11
100000129,100000129,murmansk,RU,0.2119,10.00,optical_rgb,none,none,obb+hbb,unassigned,coord_match,69.214444,33.288114,18,1189,812,0,sealand,252.0,172.1,1.07,2005-06-11
100000130,100000130,murmansk,RU,0.2119,10.00,optical_rgb,none,none,obb+hbb,unassigned,coord_match,69.214444,33.288114,18,1218,825,0,sealand,258.1,174.8,1.07,2002-05-01
100000131,100000131,murmansk,RU,0.2119,10.00,optical_rgb,none,none,obb+hbb,unassigned,coord_match,69.216208,33.303217,18,1179,825,0,sealand,249.8,174.8,1.07,2002-05-01
100000132,100000132,murmansk,RU,0.2119,10.00,optical_rgb,none,none,obb+hbb,unassigned,coord_match,69.216086,33.316097,18,1172,826,0,sealand,248.3,175.0,1.07,2013-07-31
100000133,100000133,murmansk,RU,0.2119,10.00,optical_rgb,none,none,obb+hbb,unassigned,coord_match,69.216086,33.316097,18,1165,824,0,sealand,246.9,174.6,1.07,2007-06-15
100000134,100000134,murmansk,RU,0.2119,10.00,optical_rgb,none,none,obb+hbb,unassigned,coord_match,69.218281,33.332522,18,817,665,0,sealand,173.1,140.9,1.07,2013-07-31
100000135,100000135,murmansk,RU,0.2119,10.00,optical_rgb,none,none,obb+hbb,unassigned,coord_match,69.218281,33.332522,18,773,569,0,sealand,163.8,120.6,1.07,2013-05-23
100000136,100000136,murmansk,RU,0.2119,10.00,optical_rgb,none,none,obb+hbb,unassigned,coord_match,69.216236,33.355925,18,1191,827,0,sealand,252.4,175.2,1.07,2014-05-29
100000137,100000137,murmansk,RU,0.2119,10.00,optical_rgb,none,none,obb+hbb,unassigned,coord_match,69.216236,33.355925,18,1169,827,0,sealand,247.7,175.2,1.07,2013-07-31
100000138,100000138,murmansk,RU,0.2119,10.00,optical_rgb,none,none,obb+hbb,unassigned,coord_match,69.216236,33.355925,18,1010,813,0,sealand,214.0,172.3,1.07,2013-05-23
100000139,100000139,murmansk,RU,0.2119,10.00,optical_rgb,none,none,obb+hbb,unassigned,coord_match,69.216236,33.355925,18,1177,812,0,sealand,249.4,172.1,1.07,2010-06-25
100000140,100000140,murmansk,RU,0.2119,10.00,optical_rgb,none,none,obb+hbb,unassigned,coord_match,69.216236,33.355925,18,1134,812,0,sealand,240.3,172.1,1.07,2010-06-25
100000141,100000141,murmansk,RU,0.2119,10.00,optical_rgb,none,none,obb+hbb,unassigned,coord_match,69.216236,33.355925,18,1184,831,0,sealand,250.9,176.1,1.07,2007-06-15
100000142,100000142,murmansk,RU,0.2119,10.00,optical_rgb,none,none,obb+hbb,unassigned,coord_match,69.216236,33.355925,18,1149,826,0,sealand,243.5,175.0,1.07,2007-05-23
100000143,100000143,murmansk,RU,0.2119,10.00,optical_rgb,none,none,obb+hbb,unassigned,coord_match,69.216236,33.355925,18,1180,812,0,sealand,250.0,172.1,1.07,2005-07-02
100000144,100000144,murmansk,RU,0.2119,10.00,optical_rgb,none,none,obb+hbb,unassigned,coord_match,69.216236,33.355925,18,1147,797,0,sealand,243.0,168.9,1.07,2005-07-02
100000145,100000145,murmansk,RU,0.2119,10.00,optical_rgb,none,none,obb+hbb,unassigned,coord_match,69.216236,33.355925,18,1182,771,0,sealand,250.5,163.4,1.07,2005-06-11
100000146,100000146,murmansk,RU,0.2119,10.00,optical_rgb,none,none,obb+hbb,unassigned,coord_match,69.216236,33.355925,18,1181,822,0,sealand,250.3,174.2,1.07,2005-05-19
100000147,100000147,murmansk,RU,0.2119,10.00,optical_rgb,none,none,obb+hbb,unassigned,coord_match,69.216236,33.355925,18,1158,815,0,sealand,245.4,172.7,1.07,2004-10-14
100000148,100000148,murmansk,RU,0.2119,10.00,optical_rgb,none,none,obb+hbb,unassigned,coord_match,69.216236,33.355925,18,1183,828,0,sealand,250.7,175.5,1.07,2004-05-28
100000149,100000149,murmansk,RU,0.2119,10.00,optical_rgb,none,none,obb+hbb,unassigned,coord_match,69.216236,33.355925,18,1177,837,0,sealand,249.4,177.4,1.07,2004-05-26
100000150,100000150,murmansk,RU,0.2119,10.00,optical_rgb,none,none,obb+hbb,unassigned,coord_match,69.216236,33.355925,18,1188,830,0,sealand,251.7,175.9,1.07,2002-05-01
100000151,100000151,murmansk,RU,0.2119,10.00,optical_rgb,none,none,obb+hbb,unassigned,coord_match,69.216589,33.378244,18,1120,801,0,sealand,237.3,169.7,1.07,2014-05-29
100000152,100000152,murmansk,RU,0.2119,10.00,optical_rgb,none,none,obb+hbb,unassigned,coord_match,69.216589,33.378244,18,1140,809,0,sealand,241.6,171.4,1.07,2013-07-31
100000153,100000153,murmansk,RU,0.2119,10.00,optical_rgb,none,none,obb+hbb,unassigned,coord_match,69.216589,33.378244,18,1164,818,0,sealand,246.6,173.3,1.07,2013-05-23
100000154,100000154,murmansk,RU,0.2119,10.00,optical_rgb,none,none,obb+hbb,unassigned,coord_match,69.216589,33.378244,18,1150,802,0,sealand,243.7,169.9,1.07,2012-05-14
100000155,100000155,murmansk,RU,0.2119,10.00,optical_rgb,none,none,obb+hbb,unassigned,coord_match,69.216589,33.378244,18,1136,742,0,sealand,240.7,157.2,1.07,2011-04-15
100000156,100000156,murmansk,RU,0.2119,10.00,optical_rgb,none,none,obb+hbb,unassigned,coord_match,69.216589,33.378244,18,1100,824,0,sealand,233.1,174.6,1.07,2010-06-25
100000157,100000157,murmansk,RU,0.2119,10.00,optical_rgb,none,none,obb+hbb,unassigned,coord_match,69.216589,33.378244,18,1116,801,0,sealand,236.5,169.7,1.07,2007-06-15
100000158,100000158,murmansk,RU,0.2119,10.00,optical_rgb,none,none,obb+hbb,unassigned,coord_match,69.216589,33.378244,18,1126,816,0,sealand,238.6,172.9,1.07,2007-05-23
100000159,100000159,murmansk,RU,0.2119,10.00,optical_rgb,none,none,obb+hbb,unassigned,coord_match,69.216589,33.378244,18,1178,818,0,sealand,249.6,173.3,1.07,2005-07-02
100000160,100000160,murmansk,RU,0.2119,10.00,optical_rgb,none,none,obb+hbb,unassigned,coord_match,69.216589,33.378244,18,1084,787,0,sealand,229.7,166.8,1.07,2005-06-11
100000161,100000161,murmansk,RU,0.2119,10.00,optical_rgb,none,none,obb+hbb,unassigned,coord_match,69.216589,33.378244,18,1059,751,0,sealand,224.4,159.1,1.07,2005-05-19
100000162,100000162,murmansk,RU,0.2119,10.00,optical_rgb,none,none,obb+hbb,unassigned,coord_match,69.216589,33.378244,18,922,671,0,sealand,195.4,142.2,1.07,2004-10-14
100000163,100000163,murmansk,RU,0.2119,10.00,optical_rgb,none,none,obb+hbb,unassigned,coord_match,69.216589,33.378244,18,1015,806,0,sealand,215.1,170.8,1.07,2004-05-28
100000164,100000164,murmansk,RU,0.2119,10.00,optical_rgb,none,none,obb+hbb,unassigned,coord_match,69.216589,33.378244,18,765,792,0,sealand,162.1,167.8,1.07,2004-05-26
100000165,100000165,murmansk,RU,0.2119,10.00,optical_rgb,none,none,obb+hbb,unassigned,coord_match,69.216589,33.378244,18,1163,725,0,sealand,246.4,153.6,1.07,2002-05-01
100000166,100000166,murmansk,RU,0.2121,10.00,optical_rgb,none,none,obb+hbb,unassigned,coord_match,69.198742,33.416686,18,810,681,0,sealand,171.8,144.4,1.07,2014-05-29
100000167,100000167,murmansk,RU,0.2121,10.00,optical_rgb,none,none,obb+hbb,unassigned,coord_match,69.198742,33.416686,18,757,700,0,sealand,160.5,148.4,1.07,2013-07-31
100000168,100000168,murmansk,RU,0.2121,10.00,optical_rgb,none,none,obb+hbb,unassigned,coord_match,69.198742,33.416686,18,791,687,0,sealand,167.7,145.7,1.07,2013-05-23
100000169,100000169,murmansk,RU,0.2121,10.00,optical_rgb,none,none,obb+hbb,unassigned,coord_match,69.198742,33.416686,18,775,714,0,sealand,164.4,151.4,1.07,2012-05-14
100000170,100000170,murmansk,RU,0.2121,10.00,optical_rgb,none,none,obb+hbb,unassigned,coord_match,69.198742,33.416686,18,1090,694,0,sealand,231.2,147.2,1.07,2010-06-25
100000171,100000171,murmansk,RU,0.2121,10.00,optical_rgb,none,none,obb+hbb,unassigned,coord_match,69.198742,33.416686,18,803,744,0,sealand,170.3,157.8,1.07,2007-06-15
100000172,100000172,murmansk,RU,0.2121,10.00,optical_rgb,none,none,obb+hbb,unassigned,coord_match,69.198742,33.416686,18,1069,769,0,sealand,226.7,163.1,1.07,2007-05-23
100000173,100000173,murmansk,RU,0.2121,10.00,optical_rgb,none,none,obb+hbb,unassigned,coord_match,69.198742,33.416686,18,787,754,0,sealand,166.9,159.9,1.07,2006-05-02
100000174,100000174,murmansk,RU,0.2121,10.00,optical_rgb,none,none,obb+hbb,unassigned,coord_match,69.198742,33.416686,18,686,589,0,sealand,145.5,124.9,1.07,2005-07-02
100000175,100000175,murmansk,RU,0.2121,10.00,optical_rgb,none,none,obb+hbb,unassigned,coord_match,69.198742,33.416686,18,787,668,0,sealand,166.9,141.7,1.07,2005-06-11
100000176,100000176,murmansk,RU,0.2121,10.00,optical_rgb,none,none,obb+hbb,unassigned,coord_match,69.198742,33.416686,18,968,667,0,sealand,205.3,141.5,1.07,2005-05-19
100000177,100000177,murmansk,RU,0.2121,10.00,optical_rgb,none,none,obb+hbb,unassigned,coord_match,69.198742,33.416686,18,886,668,0,sealand,187.9,141.7,1.07,2004-10-14
100000178,100000178,murmansk,RU,0.2121,10.00,optical_rgb,none,none,obb+hbb,unassigned,coord_match,69.198742,33.416686,18,787,606,0,sealand,166.9,128.5,1.07,2004-05-26
100000179,100000179,murmansk,RU,0.2121,10.00,optical_rgb,none,none,obb+hbb,unassigned,coord_match,69.198742,33.416686,18,912,776,0,sealand,193.4,164.6,1.07,2004-05-26
100000180,100000180,murmansk,RU,0.2121,10.00,optical_rgb,none,none,obb+hbb,unassigned,coord_match,69.198903,33.407275,18,865,574,0,sealand,183.4,121.7,1.07,2007-06-15
100000181,100000181,murmansk,RU,0.2121,10.00,optical_rgb,none,none,obb+hbb,unassigned,coord_match,69.198903,33.407275,18,763,657,0,sealand,161.8,139.3,1.07,2006-05-02
100000182,100000182,murmansk,RU,0.2121,10.00,optical_rgb,none,none,obb+hbb,unassigned,coord_match,69.198903,33.407275,18,802,693,0,sealand,170.1,147.0,1.07,2005-07-02
100000183,100000183,murmansk,RU,0.2121,10.00,optical_rgb,none,none,obb+hbb,unassigned,coord_match,69.198903,33.407275,18,811,560,0,sealand,172.0,118.8,1.07,2005-06-11
100000184,100000184,murmansk,RU,0.2121,10.00,optical_rgb,none,none,obb+hbb,unassigned,coord_match,69.198903,33.407275,18,786,557,0,sealand,166.7,118.1,1.07,2005-05-19
100000185,100000185,murmansk,RU,0.2121,10.00,optical_rgb,none,none,obb+hbb,unassigned,coord_match,69.198903,33.407275,18,812,711,0,sealand,172.2,150.8,1.07,2004-10-14
100000186,100000186,murmansk,RU,0.2121,10.00,optical_rgb,none,none,obb+hbb,unassigned,coord_match,69.198903,33.407275,18,983,719,0,sealand,208.5,152.5,1.07,2004-05-28
100000187,100000187,murmansk,RU,0.2121,10.00,optical_rgb,none,none,obb+hbb,unassigned,coord_match,69.198903,33.407275,18,784,602,0,sealand,166.3,127.7,1.07,2004-05-26
100000188,100000188,murmansk,RU,0.2121,10.00,optical_rgb,none,none,obb+hbb,unassigned,coord_match,69.198903,33.407275,18,722,550,0,sealand,153.1,116.6,1.07,2002-05-01
100000189,100000189,murmansk,RU,0.2120,10.00,optical_rgb,none,none,obb+hbb,unassigned,coord_match,69.204344,33.454022,18,1113,797,0,sealand,236.0,169.0,1.07,2014-05-29
100000190,100000190,murmansk,RU,0.2120,10.00,optical_rgb,none,none,obb+hbb,unassigned,coord_match,69.202528,33.467619,18,774,637,0,sealand,164.1,135.1,1.07,2014-05-29
100000191,100000191,murmansk,RU,0.2120,10.00,optical_rgb,none,none,obb+hbb,unassigned,coord_match,69.202528,33.467619,18,944,586,0,sealand,200.2,124.3,1.07,2013-07-31
100000192,100000192,murmansk,RU,0.2120,10.00,optical_rgb,none,none,obb+hbb,unassigned,coord_match,69.204344,33.454022,18,906,713,0,sealand,192.1,151.2,1.07,2013-07-31
100000193,100000193,murmansk,RU,0.2120,10.00,optical_rgb,none,none,obb+hbb,unassigned,coord_match,69.204344,33.454022,18,1030,816,0,sealand,218.4,173.0,1.07,2012-05-14
100000194,100000194,murmansk,RU,0.2120,10.00,optical_rgb,none,none,obb+hbb,unassigned,coord_match,69.202528,33.467619,18,732,658,0,sealand,155.2,139.5,1.07,2012-05-14
100000195,100000195,murmansk,RU,0.2120,10.00,optical_rgb,none,none,obb+hbb,unassigned,coord_match,69.202528,33.467619,18,911,687,0,sealand,193.2,145.7,1.07,2011-04-15
100000196,100000196,murmansk,RU,0.2120,10.00,optical_rgb,none,none,obb+hbb,unassigned,coord_match,69.204344,33.454022,18,849,738,0,sealand,180.0,156.5,1.07,2011-04-15
100000197,100000197,murmansk,RU,0.2120,10.00,optical_rgb,none,none,obb+hbb,unassigned,coord_match,69.204344,33.454022,18,1047,733,0,sealand,222.0,155.4,1.07,2010-06-25
100000198,100000198,murmansk,RU,0.2120,10.00,optical_rgb,none,none,obb+hbb,unassigned,coord_match,69.202528,33.467619,18,805,618,0,sealand,170.7,131.0,1.07,2010-06-25
100000199,100000199,murmansk,RU,0.2120,10.00,optical_rgb,none,none,obb+hbb,unassigned,coord_match,69.202528,33.467619,18,838,588,0,sealand,177.7,124.7,1.07,2007-06-15
100000200,100000200,murmansk,RU,0.2120,10.00,optical_rgb,none,none,obb+hbb,unassigned,coord_match,69.204344,33.454022,18,716,666,0,sealand,151.8,141.2,1.07,2007-06-15
100000201,100000201,murmansk,RU,0.2120,10.00,optical_rgb,none,none,obb+hbb,unassigned,coord_match,69.204344,33.454022,18,693,597,0,sealand,146.9,126.6,1.07,2007-05-23
100000202,100000202,murmansk,RU,0.2120,10.00,optical_rgb,none,none,obb+hbb,unassigned,coord_match,69.202528,33.467619,18,641,611,0,sealand,135.9,129.6,1.07,2007-05-23
100000203,100000203,murmansk,RU,0.2120,10.00,optical_rgb,none,none,obb+hbb,unassigned,coord_match,69.202528,33.467619,18,922,720,0,sealand,195.5,152.7,1.07,2006-05-02
100000204,100000204,murmansk,RU,0.2120,10.00,optical_rgb,none,none,obb+hbb,unassigned,coord_match,69.204344,33.454022,18,735,604,0,sealand,155.8,128.1,1.07,2006-05-02
100000205,100000205,murmansk,RU,0.2120,10.00,optical_rgb,none,none,obb+hbb,unassigned,coord_match,69.204344,33.454022,18,761,649,0,sealand,161.3,137.6,1.07,2005-07-02
100000206,100000206,murmansk,RU,0.2120,10.00,optical_rgb,none,none,obb+hbb,unassigned,coord_match,69.202528,33.467619,18,659,666,0,sealand,139.7,141.2,1.07,2005-07-02
100000207,100000207,murmansk,RU,0.2120,10.00,optical_rgb,none,none,obb+hbb,unassigned,coord_match,69.202528,33.467619,18,826,654,0,sealand,175.1,138.7,1.07,2005-06-11
100000208,100000208,murmansk,RU,0.2120,10.00,optical_rgb,none,none,obb+hbb,unassigned,coord_match,69.204344,33.454022,18,890,728,0,sealand,188.7,154.3,1.07,2005-06-11
100000209,100000209,murmansk,RU,0.2120,10.00,optical_rgb,none,none,obb+hbb,unassigned,coord_match,69.204344,33.454022,18,803,680,0,sealand,170.2,144.2,1.07,2005-05-19
100000210,100000210,murmansk,RU,0.2120,10.00,optical_rgb,none,none,obb+hbb,unassigned,coord_match,69.202528,33.467619,18,423,356,0,sealand,89.7,75.5,1.07,2005-05-19
100000211,100000211,murmansk,RU,0.2120,10.00,optical_rgb,none,none,obb+hbb,unassigned,coord_match,69.202528,33.467619,18,791,782,0,sealand,167.7,165.8,1.07,2004-10-14
100000212,100000212,murmansk,RU,0.2120,10.00,optical_rgb,none,none,obb+hbb,unassigned,coord_match,69.204344,33.454022,18,833,651,0,sealand,176.6,138.0,1.07,2004-10-14
100000213,100000213,murmansk,RU,0.2120,10.00,optical_rgb,none,none,obb+hbb,unassigned,coord_match,69.204344,33.454022,18,762,623,0,sealand,161.6,132.1,1.07,2004-05-28
100000214,100000214,murmansk,RU,0.2120,10.00,optical_rgb,none,none,obb+hbb,unassigned,coord_match,69.202528,33.467619,18,836,558,0,sealand,177.3,118.3,1.07,2004-05-28
100000215,100000215,murmansk,RU,0.2120,10.00,optical_rgb,none,none,obb+hbb,unassigned,coord_match,69.202528,33.467619,18,668,561,0,sealand,141.6,119.0,1.07,2004-05-26
100000216,100000216,murmansk,RU,0.2120,10.00,optical_rgb,none,none,obb+hbb,unassigned,coord_match,69.204344,33.454022,18,864,682,0,sealand,183.2,144.6,1.07,2004-05-26
100000217,100000217,murmansk,RU,0.2120,10.00,optical_rgb,none,none,obb+hbb,unassigned,coord_match,69.204344,33.454022,18,1074,783,0,sealand,227.7,166.0,1.07,2002-05-01
100000218,100000218,murmansk,RU,0.2120,10.00,optical_rgb,none,none,obb+hbb,unassigned,coord_match,69.202528,33.467619,18,1097,629,0,sealand,232.6,133.4,1.07,2002-05-01
100000219,100000219,murmansk,RU,0.2120,10.00,optical_rgb,none,none,obb+hbb,unassigned,coord_match,69.207753,33.520214,18,764,559,0,sea,162.0,118.5,1.07,2010-06-25
100000220,100000220,murmansk,RU,0.2120,10.00,optical_rgb,none,none,obb+hbb,unassigned,coord_match,69.202869,33.508036,18,586,425,0,sea,124.2,90.1,1.07,2007-06-15
100000221,100000221,murmansk,RU,0.2120,10.00,optical_rgb,none,none,obb+hbb,unassigned,coord_match,69.208125,33.520256,18,608,412,0,sea,128.9,87.3,1.07,2007-06-15
100000222,100000222,murmansk,RU,0.2118,10.00,optical_rgb,none,none,obb+hbb,unassigned,coord_match,69.227586,33.479261,18,737,699,0,sealand,156.1,148.0,1.07,2007-05-23
100000223,100000223,murmansk,RU,0.2121,10.00,optical_rgb,none,none,obb+hbb,unassigned,coord_match,69.200464,33.536061,18,922,606,0,sea,195.5,128.5,1.07,2004-05-28
100000224,100000224,murmansk,RU,0.2118,10.00,optical_rgb,none,none,obb+hbb,unassigned,coord_match,69.223178,33.536858,18,763,573,0,sea,161.6,121.4,1.07,2004-05-26
100000225,100000225,murmansk,RU,0.2120,10.00,optical_rgb,none,none,obb+hbb,unassigned,coord_match,69.206072,33.522019,18,885,664,0,sea,187.6,140.8,1.07,2004-05-26
100000226,100000226,murmansk,RU,0.2121,10.00,optical_rgb,none,none,obb+hbb,unassigned,coord_match,69.193497,33.531883,18,649,459,0,sea,137.7,97.4,1.07,2012-05-14
100000227,100000227,murmansk,RU,0.2122,10.00,optical_rgb,none,none,obb+hbb,unassigned,coord_match,69.182175,33.545692,18,518,377,0,sea,109.9,80.0,1.07,2011-04-15
100000228,100000228,murmansk,RU,0.2123,10.00,optical_rgb,none,none,obb+hbb,unassigned,coord_match,69.176539,33.542906,18,471,375,0,sea,100.0,79.6,1.07,2011-04-15
100000229,100000229,murmansk,RU,0.2123,10.00,optical_rgb,none,none,obb+hbb,unassigned,coord_match,69.178075,33.526364,18,704,543,0,sea,149.4,115.3,1.07,2007-06-15
100000230,100000230,murmansk,RU,0.2124,10.00,optical_rgb,none,none,obb+hbb,unassigned,coord_match,69.164575,33.517097,18,944,676,0,sea,200.5,143.6,1.07,2005-07-10
100000231,100000231,murmansk,RU,0.2126,10.00,optical_rgb,none,none,obb+hbb,unassigned,coord_match,69.149294,33.476481,18,584,451,0,sea,124.1,95.9,1.07,2005-06-11
100000232,100000232,murmansk,RU,0.2121,10.00,optical_rgb,none,none,obb+hbb,unassigned,coord_match,69.193011,33.543772,18,840,647,0,sea,178.2,137.2,1.07,2005-05-19
100000233,100000233,murmansk,RU,0.2124,10.00,optical_rgb,none,none,obb+hbb,unassigned,coord_match,69.163011,33.511519,18,1159,782,0,sea,246.2,166.1,1.07,2005-05-19
100000234,100000234,murmansk,RU,0.2125,10.00,optical_rgb,none,none,obb+hbb,unassigned,coord_match,69.152581,33.489803,18,1091,774,0,sea,231.9,164.5,1.07,2005-05-19
100000235,100000235,murmansk,RU,0.2125,10.00,optical_rgb,none,none,obb+hbb,unassigned,coord_match,69.152581,33.489803,18,462,367,0,sea,98.2,78.0,1.07,2005-05-19
100000236,100000236,murmansk,RU,0.2127,10.00,optical_rgb,none,none,obb+hbb,unassigned,coord_match,69.133153,33.445983,18,1078,778,0,sea,229.3,165.5,1.07,2005-05-19
100000237,100000237,murmansk,RU,0.2132,10.00,optical_rgb,none,none,obb+hbb,unassigned,coord_match,69.080711,33.383981,18,809,573,0,sea,172.5,122.2,1.07,2014-08-05
100000238,100000238,murmansk,RU,0.2131,10.00,optical_rgb,none,none,obb+hbb,unassigned,coord_match,69.088711,33.385561,18,1197,822,0,sea,255.1,175.2,1.07,2014-07-20
100000239,100000239,murmansk,RU,0.2131,10.00,optical_rgb,none,none,obb+hbb,unassigned,coord_match,69.088711,33.385561,18,1139,815,0,sea,242.8,173.7,1.07,2014-07-20
100000240,100000240,murmansk,RU,0.4263,10.00,optical_rgb,none,none,obb+hbb,unassigned,coord_match,69.088711,33.385561,17,1149,819,0,sea,489.8,349.1,2.15,2014-07-20
100000241,100000241,murmansk,RU,0.2131,10.00,optical_rgb,none,none,obb+hbb,unassigned,coord_match,69.088711,33.385561,18,459,373,0,sea,97.8,79.5,1.07,2014-07-01
100000242,100000242,murmansk,RU,0.2131,10.00,optical_rgb,none,none,obb+hbb,unassigned,coord_match,69.088289,33.396306,18,953,705,0,sea,203.1,150.3,1.07,2014-06-05
100000243,100000243,murmansk,RU,0.4262,10.00,optical_rgb,none,none,obb+hbb,unassigned,coord_match,69.091203,33.397339,17,828,703,0,sea,352.9,299.6,2.15,2005-07-10
100000244,100000244,murmansk,RU,0.2131,10.00,optical_rgb,none,none,obb+hbb,unassigned,coord_match,69.096256,33.445739,18,826,676,0,sealand,176.0,144.0,1.07,2014-08-05
100000245,100000245,murmansk,RU,0.2131,10.00,optical_rgb,none,none,obb+hbb,unassigned,coord_match,69.090461,33.454739,18,808,652,0,sealand,172.2,139.0,1.07,2014-08-05
100000246,100000246,murmansk,RU,0.2131,10.00,optical_rgb,none,none,obb+hbb,unassigned,coord_match,69.090461,33.454739,18,800,677,0,sealand,170.5,144.3,1.07,2014-07-20
100000247,100000247,murmansk,RU,0.2131,10.00,optical_rgb,none,none,obb+hbb,unassigned,coord_match,69.096256,33.445739,18,901,640,0,sealand,192.0,136.4,1.07,2014-07-20
100000248,100000248,murmansk,RU,0.2131,10.00,optical_rgb,none,none,obb+hbb,unassigned,coord_match,69.096256,33.445739,18,715,603,0,sealand,152.3,128.5,1.07,2014-07-06
100000249,100000249,murmansk,RU,0.2131,10.00,optical_rgb,none,none,obb+hbb,unassigned,coord_match,69.090461,33.454739,18,1137,810,0,sealand,242.3,172.6,1.07,2014-07-06
100000250,100000250,murmansk,RU,0.2131,10.00,optical_rgb,none,none,obb+hbb,unassigned,coord_match,69.090461,33.454739,18,927,702,0,sealand,197.6,149.6,1.07,2014-07-01
100000251,100000251,murmansk,RU,0.2131,10.00,optical_rgb,none,none,obb+hbb,unassigned,coord_match,69.096256,33.445739,18,979,730,0,sealand,208.6,155.5,1.07,2014-07-01
100000252,100000252,murmansk,RU,0.2131,10.00,optical_rgb,none,none,obb+hbb,unassigned,coord_match,69.096256,33.445739,18,861,663,0,sealand,183.5,141.3,1.07,2014-06-05
100000253,100000253,murmansk,RU,0.2130,10.00,optical_rgb,none,none,obb+hbb,unassigned,coord_match,69.100378,33.442233,18,715,666,0,sealand,152.3,141.9,1.07,2014-06-05
100000254,100000254,murmansk,RU,0.2131,10.00,optical_rgb,none,none,obb+hbb,unassigned,coord_match,69.090461,33.454739,18,742,561,0,sealand,158.1,119.6,1.07,2014-06-05
100000255,100000255,murmansk,RU,0.2131,10.00,optical_rgb,none,none,obb+hbb,unassigned,coord_match,69.090461,33.454739,18,742,673,0,sealand,158.1,143.4,1.07,2014-05-29
100000256,100000256,murmansk,RU,0.2131,10.00,optical_rgb,none,none,obb+hbb,unassigned,coord_match,69.096256,33.445739,18,755,625,0,sealand,160.9,133.2,1.07,2014-05-29
100000257,100000257,murmansk,RU,0.2130,10.00,optical_rgb,none,none,obb+hbb,unassigned,coord_match,69.100378,33.442233,18,658,631,0,sealand,140.2,134.4,1.07,2014-05-29
100000258,100000258,murmansk,RU,0.2131,10.00,optical_rgb,none,none,obb+hbb,unassigned,coord_match,69.096256,33.445739,18,883,680,0,sealand,188.1,144.9,1.07,2013-11-04
100000259,100000259,murmansk,RU,0.2131,10.00,optical_rgb,none,none,obb+hbb,unassigned,coord_match,69.090461,33.454739,18,764,660,0,sealand,162.8,140.7,1.07,2013-11-04
100000260,100000260,murmansk,RU,0.2131,10.00,optical_rgb,none,none,obb+hbb,unassigned,coord_match,69.090461,33.454739,18,881,683,0,sealand,187.8,145.6,1.07,2013-07-26
100000261,100000261,murmansk,RU,0.2131,10.00,optical_rgb,none,none,obb+hbb,unassigned,coord_match,69.096256,33.445739,18,730,654,0,sealand,155.5,139.3,1.07,2013-07-26
100000262,100000262,murmansk,RU,0.2131,10.00,optical_rgb,none,none,obb+hbb,unassigned,coord_match,69.096256,33.445739,18,794,662,0,sealand,169.2,141.1,1.07,2013-06-01
100000263,100000263,murmansk,RU,0.2131,10.00,optical_rgb,none,none,obb+hbb,unassigned,coord_match,69.090461,33.454739,18,781,615,0,sealand,166.4,131.1,1.07,2013-06-01
100000264,100000264,murmansk,RU,0.2131,10.00,optical_rgb,none,none,obb+hbb,unassigned,coord_match,69.090461,33.454739,18,730,681,0,sealand,155.6,145.1,1.07,2012-05-14
100000265,100000265,murmansk,RU,0.2131,10.00,optical_rgb,none,none,obb+hbb,unassigned,coord_match,69.096256,33.445739,18,731,611,0,sealand,155.8,130.2,1.07,2012-05-14
100000266,100000266,murmansk,RU,0.2131,10.00,optical_rgb,none,none,obb+hbb,unassigned,coord_match,69.096256,33.445739,18,786,663,0,sealand,167.5,141.3,1.07,2011-04-15
100000267,100000267,murmansk,RU,0.2131,10.00,optical_rgb,none,none,obb+hbb,unassigned,coord_match,69.090461,33.454739,18,742,585,0,sealand,158.1,124.7,1.07,2011-04-15
100000268,100000268,murmansk,RU,0.2131,10.00,optical_rgb,none,none,obb+hbb,unassigned,coord_match,69.090461,33.454739,18,1037,791,0,sealand,221.0,168.6,1.07,2010-04-07
100000269,100000269,murmansk,RU,0.2131,10.00,optical_rgb,none,none,obb+hbb,unassigned,coord_match,69.096256,33.445739,18,812,701,0,sealand,173.0,149.4,1.07,2010-04-07
100000270,100000270,murmansk,RU,0.2131,10.00,optical_rgb,none,none,obb+hbb,unassigned,coord_match,69.090461,33.454739,18,871,700,0,sealand,185.6,149.2,1.07,2006-05-02
100000271,100000271,murmansk,RU,0.2131,10.00,optical_rgb,none,none,obb+hbb,unassigned,coord_match,69.090461,33.454739,18,919,715,0,sealand,195.9,152.4,1.07,2005-07-10
100000272,100000272,murmansk,RU,0.2131,10.00,optical_rgb,none,none,obb+hbb,unassigned,coord_match,69.090461,33.454739,18,799,701,0,sealand,170.3,149.4,1.07,2005-05-19
100000273,100000273,murmansk,RU,0.2131,10.00,optical_rgb,none,none,obb+hbb,unassigned,coord_match,69.096256,33.445739,18,933,788,0,sealand,198.8,167.9,1.07,2005-05-19
100000274,100000274,murmansk,RU,0.2131,10.00,optical_rgb,none,none,obb+hbb,unassigned,coord_match,69.090461,33.454739,18,799,655,0,sealand,170.3,139.6,1.07,2004-04-28
100000275,100000275,murmansk,RU,0.2131,10.00,optical_rgb,none,none,obb+hbb,unassigned,coord_match,69.090461,33.454739,18,818,665,0,sealand,174.3,141.7,1.07,2004-04-21
100000276,100000276,murmansk,RU,0.2132,10.00,optical_rgb,none,none,obb+hbb,unassigned,coord_match,69.083486,33.443758,18,751,691,0,sealand,160.1,147.3,1.07,2014-08-05
100000277,100000277,murmansk,RU,0.2132,10.00,optical_rgb,none,none,obb+hbb,unassigned,coord_match,69.083486,33.443758,18,1087,801,0,sealand,231.7,170.8,1.07,2014-08-05
100000278,100000278,murmansk,RU,0.2132,10.00,optical_rgb,none,none,obb+hbb,unassigned,coord_match,69.083486,33.443758,18,1151,842,0,sealand,245.4,179.5,1.07,2014-08-05
100000279,100000279,murmansk,RU,0.2132,10.00,optical_rgb,none,none,obb+hbb,unassigned,coord_match,69.083486,33.443758,18,1123,759,0,sealand,239.4,161.8,1.07,2014-08-05
100000280,100000280,murmansk,RU,0.2132,10.00,optical_rgb,none,none,obb+hbb,unassigned,coord_match,69.083486,33.443758,18,1148,803,0,sealand,244.7,171.2,1.07,2014-08-05
100000281,100000281,murmansk,RU,0.2132,10.00,optical_rgb,none,none,obb+hbb,unassigned,coord_match,69.083486,33.443758,18,867,731,0,sealand,184.8,155.8,1.07,2014-07-20
100000282,100000282,murmansk,RU,0.2132,10.00,optical_rgb,none,none,obb+hbb,unassigned,coord_match,69.083486,33.443758,18,1062,811,0,sealand,226.4,172.9,1.07,2014-07-20
100000283,100000283,murmansk,RU,0.2132,10.00,optical_rgb,none,none,obb+hbb,unassigned,coord_match,69.083486,33.443758,18,1138,574,0,sealand,242.6,122.4,1.07,2014-07-20
100000284,100000284,murmansk,RU,0.2132,10.00,optical_rgb,none,none,obb+hbb,unassigned,coord_match,69.083486,33.443758,18,1008,762,0,sealand,214.9,162.5,1.07,2014-07-20
100000285,100000285,murmansk,RU,0.2132,10.00,optical_rgb,none,none,obb+hbb,unassigned,coord_match,69.083486,33.443758,18,898,779,0,sealand,191.4,166.1,1.07,2014-07-20
100000286,100000286,murmansk,RU,0.2132,10.00,optical_rgb,none,none,obb+hbb,unassigned,coord_match,69.083486,33.443758,18,699,577,0,sealand,149.0,123.0,1.07,2014-07-20
100000287,100000287,murmansk,RU,0.2132,10.00,optical_rgb,none,none,obb+hbb,unassigned,coord_match,69.083486,33.443758,18,901,800,0,sealand,192.1,170.6,1.07,2014-07-06
100000288,100000288,murmansk,RU,0.2132,10.00,optical_rgb,none,none,obb+hbb,unassigned,coord_match,69.083486,33.443758,18,1154,831,0,sealand,246.0,177.2,1.07,2014-07-06
100000289,100000289,murmansk,RU,0.2132,10.00,optical_rgb,none,none,obb+hbb,unassigned,coord_match,69.083486,33.443758,18,1177,756,0,sealand,250.9,161.2,1.07,2014-07-06
100000290,100000290,murmansk,RU,0.2132,10.00,optical_rgb,none,none,obb+hbb,unassigned,coord_match,69.083486,33.443758,18,498,383,0,sealand,106.2,81.7,1.07,2014-07-06
100000291,100000291,murmansk,RU,0.2132,10.00,optical_rgb,none,none,obb+hbb,unassigned,coord_match,69.083486,33.443758,18,1085,821,0,sealand,231.3,175.0,1.07,2014-07-01
100000292,100000292,murmansk,RU,0.2132,10.00,optical_rgb,none,none,obb+hbb,unassigned,coord_match,69.083486,33.443758,18,1035,826,0,sealand,220.7,176.1,1.07,2014-07-01
100000293,100000293,murmansk,RU,0.2132,10.00,optical_rgb,none,none,obb+hbb,unassigned,coord_match,69.083486,33.443758,18,1096,833,0,sealand,233.7,177.6,1.07,2014-07-01
100000294,100000294,murmansk,RU,0.2132,10.00,optical_rgb,none,none,obb+hbb,unassigned,coord_match,69.083486,33.443758,18,1165,681,0,sealand,248.4,145.2,1.07,2014-07-01
100000295,100000295,murmansk,RU,0.2132,10.00,optical_rgb,none,none,obb+hbb,unassigned,coord_match,69.083486,33.443758,18,526,446,0,sealand,112.1,95.1,1.07,2014-07-01
100000296,100000296,murmansk,RU,0.2132,10.00,optical_rgb,none,none,obb+hbb,unassigned,coord_match,69.083486,33.443758,18,638,528,0,sealand,136.0,112.6,1.07,2014-06-05
100000297,100000297,murmansk,RU,0.2132,10.00,optical_rgb,none,none,obb+hbb,unassigned,coord_match,69.083486,33.443758,18,885,723,0,sealand,188.7,154.1,1.07,2014-06-05
100000298,100000298,murmansk,RU,0.2132,10.00,optical_rgb,none,none,obb+hbb,unassigned,coord_match,69.083486,33.443758,18,1185,827,0,sealand,252.6,176.3,1.07,2014-06-05
100000299,100000299,murmansk,RU,0.2132,10.00,optical_rgb,none,none,obb+hbb,unassigned,coord_match,69.083486,33.443758,18,1140,819,0,sealand,243.0,174.6,1.07,2014-06-05
100000300,100000300,murmansk,RU,0.2132,10.00,optical_rgb,none,none,obb+hbb,unassigned,coord_match,69.083486,33.443758,18,611,668,0,sealand,130.3,142.4,1.07,2014-06-05
100000301,100000301,murmansk,RU,0.2132,10.00,optical_rgb,none,none,obb+hbb,unassigned,coord_match,69.083486,33.443758,18,439,392,0,sealand,93.6,83.6,1.07,2014-06-05
100000302,100000302,murmansk,RU,0.2132,10.00,optical_rgb,none,none,obb+hbb,unassigned,coord_match,69.083486,33.443758,18,1115,823,0,sealand,237.7,175.5,1.07,2014-05-29
100000303,100000303,murmansk,RU,0.2132,10.00,optical_rgb,none,none,obb+hbb,unassigned,coord_match,69.083486,33.443758,18,1183,796,0,sealand,252.2,169.7,1.07,2014-05-29
100000304,100000304,murmansk,RU,0.2132,10.00,optical_rgb,none,none,obb+hbb,unassigned,coord_match,69.083486,33.443758,18,1017,835,0,sealand,216.8,178.0,1.07,2014-05-29
100000305,100000305,murmansk,RU,0.2132,10.00,optical_rgb,none,none,obb+hbb,unassigned,coord_match,69.083486,33.443758,18,361,339,0,sealand,77.0,72.3,1.07,2014-05-29
100000306,100000306,murmansk,RU,0.2132,10.00,optical_rgb,none,none,obb+hbb,unassigned,coord_match,69.083486,33.443758,18,706,590,0,sealand,150.5,125.8,1.07,2013-11-04
100000307,100000307,murmansk,RU,0.2132,10.00,optical_rgb,none,none,obb+hbb,unassigned,coord_match,69.083486,33.443758,18,1138,821,0,sealand,242.6,175.0,1.07,2013-11-04
100000308,100000308,murmansk,RU,0.2132,10.00,optical_rgb,none,none,obb+hbb,unassigned,coord_match,69.083486,33.443758,18,1013,803,0,sealand,216.0,171.2,1.07,2013-11-04
100000309,100000309,murmansk,RU,0.2132,10.00,optical_rgb,none,none,obb+hbb,unassigned,coord_match,69.083486,33.443758,18,982,792,0,sealand,209.4,168.8,1.07,2013-11-04
100000310,100000310,murmansk,RU,0.2132,10.00,optical_rgb,none,none,obb+hbb,unassigned,coord_match,69.083486,33.443758,18,819,612,0,sealand,174.6,130.5,1.07,2013-11-04
100000311,100000311,murmansk,RU,0.2132,10.00,optical_rgb,none,none,obb+hbb,unassigned,coord_match,69.083486,33.443758,18,735,625,0,sealand,156.7,133.2,1.07,2013-06-01
100000312,100000312,murmansk,RU,0.2132,10.00,optical_rgb,none,none,obb+hbb,unassigned,coord_match,69.083486,33.443758,18,611,609,0,sealand,130.3,129.8,1.07,2013-06-01
100000313,100000313,murmansk,RU,0.2132,10.00,optical_rgb,none,none,obb+hbb,unassigned,coord_match,69.083486,33.443758,18,975,824,0,sealand,207.9,175.7,1.07,2013-06-01
100000314,100000314,murmansk,RU,0.2132,10.00,optical_rgb,none,none,obb+hbb,unassigned,coord_match,69.083486,33.443758,18,831,787,0,sealand,177.2,167.8,1.07,2013-06-01
100000315,100000315,murmansk,RU,0.2132,10.00,optical_rgb,none,none,obb+hbb,unassigned,coord_match,69.083486,33.443758,18,803,530,0,sealand,171.2,113.0,1.07,2013-06-01
100000316,100000316,murmansk,RU,0.2132,10.00,optical_rgb,none,none,obb+hbb,unassigned,coord_match,69.083486,33.443758,18,773,648,0,sealand,164.8,138.1,1.07,2013-05-23
100000317,100000317,murmansk,RU,0.2132,10.00,optical_rgb,none,none,obb+hbb,unassigned,coord_match,69.083486,33.443758,18,1175,818,0,sealand,250.5,174.4,1.07,2013-05-23
100000318,100000318,murmansk,RU,0.2132,10.00,optical_rgb,none,none,obb+hbb,unassigned,coord_match,69.083486,33.443758,18,1170,830,0,sealand,249.4,176.9,1.07,2013-05-23
100000319,100000319,murmansk,RU,0.2132,10.00,optical_rgb,none,none,obb+hbb,unassigned,coord_match,69.083486,33.443758,18,1160,812,0,sealand,247.3,173.1,1.07,2013-05-23
100000320,100000320,murmansk,RU,0.2132,10.00,optical_rgb,none,none,obb+hbb,unassigned,coord_match,69.083486,33.443758,18,552,482,0,sealand,117.7,102.8,1.07,2012-05-14
100000321,100000321,murmansk,RU,0.2132,10.00,optical_rgb,none,none,obb+hbb,unassigned,coord_match,69.083486,33.443758,18,801,665,0,sealand,170.8,141.8,1.07,2012-05-14
100000322,100000322,murmansk,RU,0.2132,10.00,optical_rgb,none,none,obb+hbb,unassigned,coord_match,69.083486,33.443758,18,737,549,0,sealand,157.1,117.0,1.07,2012-05-14
100000323,100000323,murmansk,RU,0.2132,10.00,optical_rgb,none,none,obb+hbb,unassigned,coord_match,69.083486,33.443758,18,1057,781,0,sealand,225.3,166.5,1.07,2012-05-14
100000324,100000324,murmansk,RU,0.2132,10.00,optical_rgb,none,none,obb+hbb,unassigned,coord_match,69.083486,33.443758,18,803,788,0,sealand,171.2,168.0,1.07,2012-05-14
100000325,100000325,murmansk,RU,0.2132,10.00,optical_rgb,none,none,obb+hbb,unassigned,coord_match,69.083486,33.443758,18,677,621,0,sealand,144.3,132.4,1.07,2011-04-15
100000326,100000326,murmansk,RU,0.2132,10.00,optical_rgb,none,none,obb+hbb,unassigned,coord_match,69.083486,33.443758,18,914,666,0,sealand,194.9,142.0,1.07,2011-04-15
100000327,100000327,murmansk,RU,0.2132,10.00,optical_rgb,none,none,obb+hbb,unassigned,coord_match,69.083486,33.443758,18,1070,786,0,sealand,228.1,167.6,1.07,2011-04-15
100000328,100000328,murmansk,RU,0.2132,10.00,optical_rgb,none,none,obb+hbb,unassigned,coord_match,69.083486,33.443758,18,1136,818,0,sealand,242.2,174.4,1.07,2011-04-15
100000329,100000329,murmansk,RU,0.2132,10.00,optical_rgb,none,none,obb+hbb,unassigned,coord_match,69.083486,33.443758,18,829,771,0,sealand,176.7,164.4,1.07,2011-04-15
100000330,100000330,murmansk,RU,0.2132,10.00,optical_rgb,none,none,obb+hbb,unassigned,coord_match,69.083486,33.443758,18,749,668,0,sealand,159.7,142.4,1.07,2010-04-07
100000331,100000331,murmansk,RU,0.2132,10.00,optical_rgb,none,none,obb+hbb,unassigned,coord_match,69.083486,33.443758,18,943,709,0,sealand,201.0,151.2,1.07,2010-04-07
100000332,100000332,murmansk,RU,0.2132,10.00,optical_rgb,none,none,obb+hbb,unassigned,coord_match,69.083486,33.443758,18,1152,814,0,sealand,245.6,173.5,1.07,2010-04-07
100000333,100000333,murmansk,RU,0.2132,10.00,optical_rgb,none,none,obb+hbb,unassigned,coord_match,69.083486,33.443758,18,1109,800,0,sealand,236.4,170.6,1.07,2010-04-07
100000334,100000334,murmansk,RU,0.2132,10.00,optical_rgb,none,none,obb+hbb,unassigned,coord_match,69.083486,33.443758,18,901,814,0,sealand,192.1,173.5,1.07,2010-04-07
100000335,100000335,murmansk,RU,0.2132,10.00,optical_rgb,none,none,obb+hbb,unassigned,coord_match,69.083486,33.443758,18,978,739,0,sealand,208.5,157.5,1.07,2006-05-02
100000336,100000336,murmansk,RU,0.2132,10.00,optical_rgb,none,none,obb+hbb,unassigned,coord_match,69.083486,33.443758,18,825,604,0,sealand,175.9,128.8,1.07,2006-05-02
100000337,100000337,murmansk,RU,0.2132,10.00,optical_rgb,none,none,obb+hbb,unassigned,coord_match,69.083486,33.443758,18,1165,801,0,sealand,248.4,170.8,1.07,2006-05-02
100000338,100000338,murmansk,RU,0.2132,10.00,optical_rgb,none,none,obb+hbb,unassigned,coord_match,69.083486,33.443758,18,1128,815,0,sealand,240.5,173.8,1.07,2006-05-02
100000339,100000339,murmansk,RU,0.2132,10.00,optical_rgb,none,none,obb+hbb,unassigned,coord_match,69.083486,33.443758,18,1143,818,0,sealand,243.7,174.4,1.07,2006-05-02
100000340,100000340,murmansk,RU,0.2132,10.00,optical_rgb,none,none,obb+hbb,unassigned,coord_match,69.083486,33.443758,18,1101,655,0,sealand,234.7,139.6,1.07,2006-05-02
100000341,100000341,murmansk,RU,0.2132,10.00,optical_rgb,none,none,obb+hbb,unassigned,coord_match,69.083486,33.443758,18,588,537,0,sealand,125.4,114.5,1.07,2005-07-10
100000342,100000342,murmansk,RU,0.2132,10.00,optical_rgb,none,none,obb+hbb,unassigned,coord_match,69.083486,33.443758,18,1172,796,0,sealand,249.9,169.7,1.07,2005-07-10
100000343,100000343,murmansk,RU,0.2132,10.00,optical_rgb,none,none,obb+hbb,unassigned,coord_match,69.083486,33.443758,18,825,669,0,sealand,175.9,142.6,1.07,2005-07-10
100000344,100000344,murmansk,RU,0.2132,10.00,optical_rgb,none,none,obb+hbb,unassigned,coord_match,69.083486,33.443758,18,1111,738,0,sealand,236.9,157.3,1.07,2005-07-10
100000345,100000345,murmansk,RU,0.2132,10.00,optical_rgb,none,none,obb+hbb,unassigned,coord_match,69.083486,33.443758,18,1006,810,0,sealand,214.5,172.7,1.07,2005-07-10
100000346,100000346,murmansk,RU,0.2132,10.00,optical_rgb,none,none,obb+hbb,unassigned,coord_match,69.083486,33.443758,18,885,795,0,sealand,188.7,169.5,1.07,2005-07-10
100000347,100000347,murmansk,RU,0.2132,10.00,optical_rgb,none,none,obb+hbb,unassigned,coord_match,69.083486,33.443758,18,1174,817,0,sealand,250.3,174.2,1.07,2005-05-19
100000348,100000348,murmansk,RU,0.2132,10.00,optical_rgb,none,none,obb+hbb,unassigned,coord_match,69.083486,33.443758,18,1128,766,0,sealand,240.5,163.3,1.07,2005-05-19
100000349,100000349,murmansk,RU,0.2132,10.00,optical_rgb,none,none,obb+hbb,unassigned,coord_match,69.083486,33.443758,18,1151,819,0,sealand,245.4,174.6,1.07,2005-05-19
100000350,100000350,murmansk,RU,0.2132,10.00,optical_rgb,none,none,obb+hbb,unassigned,coord_match,69.083486,33.443758,18,1194,824,0,sealand,254.6,175.7,1.07,2005-05-19
100000351,100000351,murmansk,RU,0.2132,10.00,optical_rgb,none,none,obb+hbb,unassigned,coord_match,69.083486,33.443758,18,603,736,0,sealand,128.6,156.9,1.07,2005-05-19
100000352,100000352,murmansk,RU,0.2132,10.00,optical_rgb,none,none,obb+hbb,unassigned,coord_match,69.083486,33.443758,18,1183,833,0,sealand,252.2,177.6,1.07,2005-05-09
100000353,100000353,murmansk,RU,0.2132,10.00,optical_rgb,none,none,obb+hbb,unassigned,coord_match,69.083486,33.443758,18,1150,818,0,sealand,245.2,174.4,1.07,2005-05-09
100000354,100000354,murmansk,RU,0.2132,10.00,optical_rgb,none,none,obb+hbb,unassigned,coord_match,69.083486,33.443758,18,1009,797,0,sealand,215.1,169.9,1.07,2005-05-09
100000355,100000355,murmansk,RU,0.2132,10.00,optical_rgb,none,none,obb+hbb,unassigned,coord_match,69.083486,33.443758,18,759,623,0,sealand,161.8,132.8,1.07,2005-05-09
100000356,100000356,murmansk,RU,0.2132,10.00,optical_rgb,none,none,obb+hbb,unassigned,coord_match,69.083486,33.443758,18,1166,828,0,sealand,248.6,176.5,1.07,2005-05-09
100000357,100000357,murmansk,RU,0.2132,10.00,optical_rgb,none,none,obb+hbb,unassigned,coord_match,69.083486,33.443758,18,603,536,0,sealand,128.6,114.3,1.07,2004-04-21
100000358,100000358,murmansk,RU,0.2132,10.00,optical_rgb,none,none,obb+hbb,unassigned,coord_match,69.083486,33.443758,18,548,590,0,sealand,116.8,125.8,1.07,2004-04-21
100000359,100000359,murmansk,RU,0.2132,10.00,optical_rgb,none,none,obb+hbb,unassigned,coord_match,69.083486,33.443758,18,1014,796,0,sealand,216.2,169.7,1.07,2004-04-21
100000360,100000360,murmansk,RU,0.2132,10.00,optical_rgb,none,none,obb+hbb,unassigned,coord_match,69.083486,33.443758,18,1051,791,0,sealand,224.1,168.6,1.07,2004-04-21
100000361,100000361,murmansk,RU,0.2132,10.00,optical_rgb,none,none,obb+hbb,unassigned,coord_match,69.083486,33.443758,18,1007,808,0,sealand,214.7,172.3,1.07,2004-04-21
100000362,100000362,murmansk,RU,0.2133,10.00,optical_rgb,none,none,obb+hbb,unassigned,coord_match,69.07545,33.382697,18,761,584,0,sealand,162.3,124.5,1.07,2005-05-19
100000363,100000363,murmansk,RU,0.2133,10.00,optical_rgb,none,none,obb+hbb,unassigned,coord_match,69.07545,33.382697,18,485,440,0,sealand,103.4,93.8,1.07,2010-04-07
100000364,100000364,murmansk,RU,0.2133,10.00,optical_rgb,none,none,obb+hbb,unassigned,coord_match,69.07545,33.382697,18,467,380,0,sealand,99.6,81.0,1.07,2012-05-14
100000365,100000365,murmansk,RU,0.2133,10.00,optical_rgb,none,none,obb+hbb,unassigned,coord_match,69.07545,33.382697,18,971,762,0,sealand,207.1,162.5,1.07,2014-07-20
100000366,100000366,murmansk,RU,0.2132,10.00,optical_rgb,none,none,obb+hbb,unassigned,coord_match,69.082517,33.359297,18,895,709,0,sealand,190.8,151.2,1.07,2013-05-23
100000367,100000367,murmansk,RU,0.2132,10.00,optical_rgb,none,none,obb+hbb,unassigned,coord_match,69.082517,33.359297,18,1168,836,0,sealand,249.0,178.2,1.07,2014-07-01
100000368,100000368,murmansk,RU,0.2132,10.00,optical_rgb,none,none,obb+hbb,unassigned,coord_match,69.082517,33.359297,18,702,640,0,sealand,149.7,136.4,1.07,2014-07-06
100000369,100000369,murmansk,RU,0.2132,10.00,optical_rgb,none,none,obb+hbb,unassigned,coord_match,69.082517,33.359297,18,745,678,0,sealand,158.8,144.6,1.07,2014-08-05
100000370,100000370,murmansk,RU,0.2132,10.00,optical_rgb,none,none,obb+hbb,unassigned,coord_match,69.080442,33.285853,18,603,559,0,sea,128.6,119.2,1.07,2014-07-01
100000371,100000371,murmansk,RU,0.2132,10.00,optical_rgb,none,none,obb+hbb,unassigned,coord_match,69.085747,33.314897,18,646,560,0,sea,137.7,119.4,1.07,2010-04-07
100000372,100000372,murmansk,RU,0.2132,10.00,optical_rgb,none,none,obb+hbb,unassigned,coord_match,69.077894,33.232831,18,768,704,0,sea,163.8,150.1,1.07,2014-08-05
100000373,100000373,murmansk,RU,0.2132,10.00,optical_rgb,none,none,obb+hbb,unassigned,coord_match,69.077894,33.232831,18,1159,832,0,sea,247.2,177.4,1.07,2014-08-05
100000374,100000374,murmansk,RU,0.2132,10.00,optical_rgb,none,none,obb+hbb,unassigned,coord_match,69.077894,33.232831,18,1089,792,0,sea,232.2,168.9,1.07,2014-07-20
100000375,100000375,murmansk,RU,0.2132,10.00,optical_rgb,none,none,obb+hbb,unassigned,coord_match,69.077894,33.232831,18,1181,827,0,sea,251.8,176.4,1.07,2014-07-20
100000376,100000376,murmansk,RU,0.2132,10.00,optical_rgb,none,none,obb+hbb,unassigned,coord_match,69.077894,33.232831,18,1173,819,0,sea,250.1,174.6,1.07,2014-07-06
100000377,100000377,murmansk,RU,0.2132,10.00,optical_rgb,none,none,obb+hbb,unassigned,coord_match,69.077894,33.232831,18,744,612,0,sea,158.7,130.5,1.07,2014-07-01
100000378,100000378,murmansk,RU,0.2132,10.00,optical_rgb,none,none,obb+hbb,unassigned,coord_match,69.077894,33.232831,18,1159,839,0,sea,247.2,178.9,1.07,2014-07-01
100000379,100000379,murmansk,RU,0.2132,10.00,optical_rgb,none,none,obb+hbb,unassigned,coord_match,69.077894,33.232831,18,1161,807,0,sea,247.6,172.1,1.07,2014-06-04
100000380,100000380,murmansk,RU,0.2132,10.00,optical_rgb,none,none,obb+hbb,unassigned,coord_match,69.077894,33.232831,18,858,763,0,sea,183.0,162.7,1.07,2014-05-29
100000381,100000381,murmansk,RU,0.2132,10.00,optical_rgb,none,none,obb+hbb,unassigned,coord_match,69.077894,33.232831,18,1141,828,0,sea,243.3,176.6,1.07,2013-11-04
100000382,100000382,murmansk,RU,0.2132,10.00,optical_rgb,none,none,obb+hbb,unassigned,coord_match,69.077894,33.232831,18,896,731,0,sea,191.1,155.9,1.07,2013-11-04
100000383,100000383,murmansk,RU,0.2132,10.00,optical_rgb,none,none,obb+hbb,unassigned,coord_match,69.077894,33.232831,18,1144,822,0,sea,244.0,175.3,1.07,2013-08-04
100000384,100000384,murmansk,RU,0.2132,10.00,optical_rgb,none,none,obb+hbb,unassigned,coord_match,69.077894,33.232831,18,804,578,0,sea,171.5,123.3,1.07,2013-08-04
100000385,100000385,murmansk,RU,0.2132,10.00,optical_rgb,none,none,obb+hbb,unassigned,coord_match,69.077894,33.232831,18,1129,807,0,sea,240.8,172.1,1.07,2013-05-23
100000386,100000386,murmansk,RU,0.2132,10.00,optical_rgb,none,none,obb+hbb,unassigned,coord_match,69.077894,33.232831,18,1174,817,0,sea,250.4,174.2,1.07,2013-05-23
100000387,100000387,murmansk,RU,0.2132,10.00,optical_rgb,none,none,obb+hbb,unassigned,coord_match,69.077894,33.232831,18,662,536,0,sea,141.2,114.3,1.07,2012-06-25
100000388,100000388,murmansk,RU,0.2132,10.00,optical_rgb,none,none,obb+hbb,unassigned,coord_match,69.077894,33.232831,18,1168,812,0,sea,249.1,173.2,1.07,2012-06-25
100000389,100000389,murmansk,RU,0.2132,10.00,optical_rgb,none,none,obb+hbb,unassigned,coord_match,69.077894,33.232831,18,1177,754,0,sea,251.0,160.8,1.07,2012-05-14
100000390,100000390,murmansk,RU,0.2132,10.00,optical_rgb,none,none,obb+hbb,unassigned,coord_match,69.077894,33.232831,18,468,371,0,sea,99.8,79.1,1.07,2012-05-14
100000391,100000391,murmansk,RU,0.2132,10.00,optical_rgb,none,none,obb+hbb,unassigned,coord_match,69.077894,33.232831,18,1177,840,0,sea,251.0,179.1,1.07,2011-08-23
100000392,100000392,murmansk,RU,0.2132,10.00,optical_rgb,none,none,obb+hbb,unassigned,coord_match,69.077894,33.232831,18,521,446,0,sea,111.1,95.1,1.07,2011-08-23
100000393,100000393,murmansk,RU,0.2132,10.00,optical_rgb,none,none,obb+hbb,unassigned,coord_match,69.077894,33.232831,18,1176,823,0,sea,250.8,175.5,1.07,2010-04-02
100000394,100000394,murmansk,RU,0.2132,10.00,optical_rgb,none,none,obb+hbb,unassigned,coord_match,69.077894,33.232831,18,1100,802,0,sea,234.6,171.0,1.07,2005-07-10
100000395,100000395,murmansk,RU,0.2132,10.00,optical_rgb,none,none,obb+hbb,unassigned,coord_match,69.077894,33.232831,18,1165,820,0,sea,248.4,174.9,1.07,2005-07-07
100000396,100000396,murmansk,RU,0.2134,10.00,optical_rgb,none,none,obb+hbb,unassigned,coord_match,69.059947,33.143406,18,1028,761,0,sealand,219.4,162.4,1.07,2014-08-05
100000397,100000397,murmansk,RU,0.2134,10.00,optical_rgb,none,none,obb+hbb,unassigned,coord_match,69.059947,33.143406,18,954,812,0,sealand,203.6,173.3,1.07,2014-07-20
100000398,100000398,murmansk,RU,0.2134,10.00,optical_rgb,none,none,obb+hbb,unassigned,coord_match,69.059947,33.143406,18,1067,797,0,sealand,227.7,170.1,1.07,2014-07-01
100000399,100000399,murmansk,RU,0.2134,10.00,optical_rgb,none,none,obb+hbb,unassigned,coord_match,69.059947,33.143406,18,1129,803,0,sealand,241.0,171.4,1.07,2014-05-29
100000400,100000400,murmansk,RU,0.2134,10.00,optical_rgb,none,none,obb+hbb,unassigned,coord_match,69.059947,33.143406,18,1062,776,0,sealand,226.7,165.6,1.07,2013-11-04
100000401,100000401,murmansk,RU,0.2134,10.00,optical_rgb,none,none,obb+hbb,unassigned,coord_match,69.059947,33.143406,18,1101,791,0,sealand,235.0,168.8,1.07,2013-05-23
100000402,100000402,murmansk,RU,0.2134,10.00,optical_rgb,none,none,obb+hbb,unassigned,coord_match,69.059947,33.143406,18,1152,811,0,sealand,245.9,173.1,1.07,2012-06-25
100000403,100000403,murmansk,RU,0.2134,10.00,optical_rgb,none,none,obb+hbb,unassigned,coord_match,69.059947,33.143406,18,1122,824,0,sealand,239.5,175.9,1.07,2011-08-23
100000404,100000404,murmansk,RU,0.2134,10.00,optical_rgb,none,none,obb+hbb,unassigned,coord_match,69.059947,33.143406,18,1168,824,0,sealand,249.3,175.9,1.07,2010-04-02
100000405,100000405,murmansk,RU,0.2134,10.00,optical_rgb,none,none,obb+hbb,unassigned,coord_match,69.066494,33.115192,18,1151,817,0,sea,245.6,174.3,1.07,2014-08-05
100000406,100000406,murmansk,RU,0.2134,10.00,optical_rgb,none,none,obb+hbb,unassigned,coord_match,69.066494,33.115192,18,764,665,0,sea,163.0,141.9,1.07,2014-08-05
100000407,100000407,murmansk,RU,0.2134,10.00,optical_rgb,none,none,obb+hbb,unassigned,coord_match,69.066494,33.115192,18,875,727,0,sea,186.7,155.1,1.07,2014-07-01
100000408,100000408,murmansk,RU,0.2134,10.00,optical_rgb,none,none,obb+hbb,unassigned,coord_match,69.066494,33.115192,18,921,655,0,sea,196.5,139.7,1.07,2014-06-04
100000409,100000409,murmansk,RU,0.2134,10.00,optical_rgb,none,none,obb+hbb,unassigned,coord_match,69.066494,33.115192,18,1129,804,0,sea,240.9,171.5,1.07,2013-06-01
100000410,100000410,murmansk,RU,0.2134,10.00,optical_rgb,none,none,obb+hbb,unassigned,coord_match,69.066494,33.115192,18,1171,798,0,sea,249.8,170.3,1.07,2013-04-02
100000411,100000411,murmansk,RU,0.2134,10.00,optical_rgb,none,none,obb+hbb,unassigned,coord_match,69.066494,33.115192,18,953,737,0,sea,203.3,157.2,1.07,2013-04-02
100000412,100000412,murmansk,RU,0.2134,10.00,optical_rgb,none,none,obb+hbb,unassigned,coord_match,69.066494,33.115192,18,1142,807,0,sea,243.7,172.2,1.07,2012-06-25
100000413,100000413,murmansk,RU,0.2134,10.00,optical_rgb,none,none,obb+hbb,unassigned,coord_match,69.066494,33.115192,18,1156,815,0,sea,246.6,173.9,1.07,2011-08-23
100000414,100000414,murmansk,RU,0.2134,10.00,optical_rgb,none,none,obb+hbb,unassigned,coord_match,69.066494,33.115192,18,998,648,0,sea,212.9,138.3,1.07,2010-04-02
100000415,100000415,murmansk,RU,0.2134,10.00,optical_rgb,none,none,obb+hbb,unassigned,coord_match,69.066494,33.115192,18,1187,830,0,sea,253.3,177.1,1.07,2005-07-07
100000416,100000416,murmansk,RU,0.2135,10.00,optical_rgb,none,none,obb+hbb,unassigned,coord_match,69.053094,33.047614,18,608,531,0,sea,129.8,113.4,1.07,2013-05-23
100000417,100000417,murmansk,RU,0.2137,10.00,optical_rgb,none,none,obb+hbb,unassigned,coord_match,69.031175,33.038117,18,1115,822,0,sea,238.3,175.7,1.07,2013-05-23
100000418,100000418,murmansk,RU,0.2137,10.00,optical_rgb,none,none,obb+hbb,unassigned,coord_match,69.031175,33.038117,18,1041,795,0,sea,222.5,169.9,1.07,2013-04-02
100000419,100000419,murmansk,RU,0.2137,10.00,optical_rgb,none,none,obb+hbb,unassigned,coord_match,69.031175,33.038117,18,1110,823,0,sea,237.2,175.9,1.07,2013-04-02
100000420,100000420,murmansk,RU,0.2137,10.00,optical_rgb,none,none,obb+hbb,unassigned,coord_match,69.031175,33.038117,18,1095,785,0,sea,234.0,167.8,1.07,2012-06-25
100000421,100000421,murmansk,RU,0.2137,10.00,optical_rgb,none,none,obb+hbb,unassigned,coord_match,69.031175,33.038117,18,1113,817,0,sea,237.8,174.6,1.07,2012-06-25
100000422,100000422,murmansk,RU,0.2137,10.00,optical_rgb,none,none,obb+hbb,unassigned,coord_match,69.031175,33.038117,18,872,721,0,sea,186.3,154.1,1.07,2011-08-23
100000423,100000423,murmansk,RU,0.2137,10.00,optical_rgb,none,none,obb+hbb,unassigned,coord_match,69.031175,33.038117,18,1103,828,0,sea,235.7,176.9,1.07,2005-07-07
100000424,100000424,murmansk,RU,0.2135,10.00,optical_rgb,none,none,obb+hbb,unassigned,coord_match,69.049883,33.076047,18,1120,815,0,sealand,239.1,174.0,1.07,2014-07-06
100000425,100000425,murmansk,RU,0.2135,10.00,optical_rgb,none,none,obb+hbb,unassigned,coord_match,69.049883,33.076047,18,1126,831,0,sealand,240.4,177.4,1.07,2014-07-06
100000426,100000426,murmansk,RU,0.2135,10.00,optical_rgb,none,none,obb+hbb,unassigned,coord_match,69.049883,33.076047,18,609,518,0,sealand,130.0,110.6,1.07,2014-07-06
100000427,100000427,murmansk,RU,0.2135,10.00,optical_rgb,none,none,obb+hbb,unassigned,coord_match,69.049883,33.076047,18,1097,787,0,sealand,234.2,168.0,1.07,2014-07-01
100000428,100000428,murmansk,RU,0.2135,10.00,optical_rgb,none,none,obb+hbb,unassigned,coord_match,69.049883,33.076047,18,1113,831,0,sealand,237.6,177.4,1.07,2014-07-01
100000429,100000429,murmansk,RU,0.2135,10.00,optical_rgb,none,none,obb+hbb,unassigned,coord_match,69.049883,33.076047,18,530,609,0,sealand,113.2,130.0,1.07,2014-07-01
100000430,100000430,murmansk,RU,0.2135,10.00,optical_rgb,none,none,obb+hbb,unassigned,coord_match,69.049883,33.076047,18,1110,823,0,sealand,237.0,175.7,1.07,2014-06-04
100000431,100000431,murmansk,RU,0.2135,10.00,optical_rgb,none,none,obb+hbb,unassigned,coord_match,69.049883,33.076047,18,1074,773,0,sealand,229.3,165.1,1.07,2014-06-04
100000432,100000432,murmansk,RU,0.2135,10.00,optical_rgb,none,none,obb+hbb,unassigned,coord_match,69.049883,33.076047,18,1101,820,0,sealand,235.1,175.1,1.07,2014-06-04
100000433,100000433,murmansk,RU,0.2135,10.00,optical_rgb,none,none,obb+hbb,unassigned,coord_match,69.049883,33.076047,18,830,749,0,sealand,177.2,159.9,1.07,2014-06-04
100000434,100000434,murmansk,RU,0.2135,10.00,optical_rgb,none,none,obb+hbb,unassigned,coord_match,69.049883,33.076047,18,1093,820,0,sealand,233.4,175.1,1.07,2014-05-29
100000435,100000435,murmansk,RU,0.2135,10.00,optical_rgb,none,none,obb+hbb,unassigned,coord_match,69.049883,33.076047,18,846,686,0,sea,180.6,146.5,1.07,2014-05-29
100000436,100000436,murmansk,RU,0.2135,10.00,optical_rgb,none,none,obb+hbb,unassigned,coord_match,69.049883,33.076047,18,768,617,0,sealand,164.0,131.7,1.07,2014-05-29
100000437,100000437,murmansk,RU,0.2135,10.00,optical_rgb,none,none,obb+hbb,unassigned,coord_match,69.049883,33.076047,18,878,733,0,sealand,187.5,156.5,1.07,2014-05-29
100000438,100000438,murmansk,RU,0.2135,10.00,optical_rgb,none,none,obb+hbb,unassigned,coord_match,69.049883,33.076047,18,1113,772,0,sealand,237.6,164.8,1.07,2013-05-23
100000439,100000439,murmansk,RU,0.2135,10.00,optical_rgb,none,none,obb+hbb,unassigned,coord_match,69.049883,33.076047,18,1021,775,0,sealand,218.0,165.5,1.07,2013-05-23
100000440,100000440,murmansk,RU,0.2135,10.00,optical_rgb,none,none,obb+hbb,unassigned,coord_match,69.049883,33.076047,18,1083,816,0,sealand,231.2,174.2,1.07,2013-05-23
100000441,100000441,murmansk,RU,0.2135,10.00,optical_rgb,none,none,obb+hbb,unassigned,coord_match,69.049883,33.076047,18,1079,823,0,sealand,230.4,175.7,1.07,2013-05-23
100000442,100000442,murmansk,RU,0.2135,10.00,optical_rgb,none,none,obb+hbb,unassigned,coord_match,69.049883,33.076047,18,1097,811,0,sealand,234.2,173.2,1.07,2013-04-02
100000443,100000443,murmansk,RU,0.2135,10.00,optical_rgb,none,none,obb+hbb,unassigned,coord_match,69.049883,33.076047,18,817,651,0,sealand,174.4,139.0,1.07,2013-04-02
100000444,100000444,murmansk,RU,0.2135,10.00,optical_rgb,none,none,obb+hbb,unassigned,coord_match,69.049883,33.076047,18,956,766,0,sealand,204.1,163.6,1.07,2013-04-02
100000445,100000445,murmansk,RU,0.2135,10.00,optical_rgb,none,none,obb+hbb,unassigned,coord_match,69.049883,33.076047,18,767,604,0,sealand,163.8,129.0,1.07,2013-04-02
100000446,100000446,murmansk,RU,0.2135,10.00,optical_rgb,none,none,obb+hbb,unassigned,coord_match,69.049883,33.076047,18,1086,776,0,sealand,231.9,165.7,1.07,2012-06-25
100000447,100000447,murmansk,RU,0.2135,10.00,optical_rgb,none,none,obb+hbb,unassigned,coord_match,69.049883,33.076047,18,1052,766,0,sealand,224.6,163.6,1.07,2012-06-25
100000448,100000448,murmansk,RU,0.2135,10.00,optical_rgb,none,none,obb+hbb,unassigned,coord_match,69.049883,33.076047,18,1083,794,0,sealand,231.2,169.5,1.07,2012-06-25
100000449,100000449,murmansk,RU,0.2135,10.00,optical_rgb,none,none,obb+hbb,unassigned,coord_match,69.049883,33.076047,18,940,762,0,sealand,200.7,162.7,1.07,2012-06-25
100000450,100000450,murmansk,RU,0.2135,10.00,optical_rgb,none,none,obb+hbb,unassigned,coord_match,69.049883,33.076047,18,937,758,0,sealand,200.1,161.8,1.07,2012-06-25
100000451,100000451,murmansk,RU,0.2135,10.00,optical_rgb,none,none,obb+hbb,unassigned,coord_match,69.049883,33.076047,18,1116,831,0,sealand,238.3,177.4,1.07,2011-08-23
100000452,100000452,murmansk,RU,0.2135,10.00,optical_rgb,none,none,obb+hbb,unassigned,coord_match,69.049883,33.076047,18,1111,821,0,sealand,237.2,175.3,1.07,2011-08-23
100000453,100000453,murmansk,RU,0.2135,10.00,optical_rgb,none,none,obb+hbb,unassigned,coord_match,69.049883,33.076047,18,1080,819,0,sealand,230.6,174.9,1.07,2010-04-02
100000454,100000454,murmansk,RU,0.2135,10.00,optical_rgb,none,none,obb+hbb,unassigned,coord_match,69.049883,33.076047,18,1111,833,0,sealand,237.2,177.9,1.07,2010-04-02
100000455,100000455,murmansk,RU,0.2135,10.00,optical_rgb,none,none,obb+hbb,unassigned,coord_match,69.049883,33.076047,18,849,748,0,sealand,181.3,159.7,1.07,2010-04-02
100000456,100000456,murmansk,RU,0.2135,10.00,optical_rgb,none,none,obb+hbb,unassigned,coord_match,69.049883,33.076047,18,1091,824,0,sealand,232.9,175.9,1.07,2005-07-07
100000457,100000457,murmansk,RU,0.2135,10.00,optical_rgb,none,none,obb+hbb,unassigned,coord_match,69.049883,33.076047,18,1117,840,0,sealand,238.5,179.4,1.07,2005-07-07
100000458,100000458,murmansk,RU,0.2135,10.00,optical_rgb,none,none,obb+hbb,unassigned,coord_match,69.049883,33.076047,18,872,714,0,sealand,186.2,152.5,1.07,2005-07-07
100000459,100000459,murmansk,RU,0.2135,10.00,optical_rgb,none,none,obb+hbb,unassigned,coord_match,69.049883,33.076047,18,1106,825,0,sealand,236.2,176.2,1.07,2005-07-07
100000460,100000460,murmansk,RU,0.2138,10.00,optical_rgb,none,none,obb+hbb,unassigned,coord_match,69.020275,33.044828,18,971,806,0,sea,207.6,172.3,1.07,2014-06-03
100000461,100000461,murmansk,RU,0.2138,10.00,optical_rgb,none,none,obb+hbb,unassigned,coord_match,69.020275,33.044828,18,512,439,0,sea,109.5,93.9,1.07,2014-06-03
100000462,100000462,murmansk,RU,0.2138,10.00,optical_rgb,none,none,obb+hbb,unassigned,coord_match,69.020275,33.044828,18,973,729,0,sea,208.0,155.9,1.07,2014-05-29
100000463,100000463,murmansk,RU,0.2138,10.00,optical_rgb,none,none,obb+hbb,unassigned,coord_match,69.020275,33.044828,18,471,441,0,sea,100.7,94.3,1.07,2014-05-29
100000464,100000464,murmansk,RU,0.2138,10.00,optical_rgb,none,none,obb+hbb,unassigned,coord_match,69.020275,33.044828,18,588,484,0,sea,125.7,103.5,1.07,2014-05-29
100000465,100000465,murmansk,RU,0.2138,10.00,optical_rgb,none,none,obb+hbb,unassigned,coord_match,69.020275,33.044828,18,542,441,0,sea,115.9,94.3,1.07,2013-05-23
100000466,100000466,murmansk,RU,0.2138,10.00,optical_rgb,none,none,obb+hbb,unassigned,coord_match,69.020275,33.044828,18,538,427,0,sea,115.0,91.3,1.07,2013-05-23
100000467,100000467,murmansk,RU,0.2138,10.00,optical_rgb,none,none,obb+hbb,unassigned,coord_match,69.020275,33.044828,18,666,570,0,sea,142.4,121.9,1.07,2013-04-02
100000468,100000468,murmansk,RU,0.2138,10.00,optical_rgb,none,none,obb+hbb,unassigned,coord_match,69.020275,33.044828,18,700,567,0,sea,149.7,121.2,1.07,2013-04-02
100000469,100000469,murmansk,RU,0.2138,10.00,optical_rgb,none,none,obb+hbb,unassigned,coord_match,69.020275,33.044828,18,591,538,0,sea,126.4,115.0,1.07,2013-04-02
100000470,100000470,murmansk,RU,0.2138,10.00,optical_rgb,none,none,obb+hbb,unassigned,coord_match,69.020275,33.044828,18,496,406,0,sea,106.0,86.8,1.07,2012-06-25
100000471,100000471,murmansk,RU,0.2138,10.00,optical_rgb,none,none,obb+hbb,unassigned,coord_match,69.020275,33.044828,18,486,400,0,sea,103.9,85.5,1.07,2012-06-25
100000472,100000472,murmansk,RU,0.2138,10.00,optical_rgb,none,none,obb+hbb,unassigned,coord_match,69.020275,33.044828,18,642,532,0,sea,137.3,113.7,1.07,2012-06-25
100000473,100000473,murmansk,RU,0.2138,10.00,optical_rgb,none,none,obb+hbb,unassigned,coord_match,69.020275,33.044828,18,1181,804,0,sea,252.5,171.9,1.07,2012-06-25
100000474,100000474,murmansk,RU,0.2138,10.00,optical_rgb,none,none,obb+hbb,unassigned,coord_match,69.020275,33.044828,18,1169,830,0,sea,249.9,177.5,1.07,2011-08-23
100000475,100000475,murmansk,RU,0.2138,10.00,optical_rgb,none,none,obb+hbb,unassigned,coord_match,69.020275,33.044828,18,966,755,0,sea,206.5,161.4,1.07,2010-04-10
100000476,100000476,murmansk,RU,0.2138,10.00,optical_rgb,none,none,obb+hbb,unassigned,coord_match,69.020275,33.044828,18,770,637,0,sea,164.6,136.2,1.07,2010-04-10
100000477,100000477,murmansk,RU,0.2138,10.00,optical_rgb,none,none,obb+hbb,unassigned,coord_match,69.020275,33.044828,18,1178,826,0,sea,251.9,176.6,1.07,2010-04-10
100000478,100000478,murmansk,RU,0.2138,10.00,optical_rgb,none,none,obb+hbb,unassigned,coord_match,69.020275,33.044828,18,705,598,0,sea,150.7,127.9,1.07,2010-04-02
100000479,100000479,murmansk,RU,0.2138,10.00,optical_rgb,none,none,obb+hbb,unassigned,coord_match,69.020275,33.044828,18,962,736,0,sea,205.7,157.4,1.07,2010-04-02
100000480,100000480,murmansk,RU,0.2138,10.00,optical_rgb,none,none,obb+hbb,unassigned,coord_match,69.020275,33.044828,18,1151,796,0,sea,246.1,170.2,1.07,2010-04-02
100000481,100000481,murmansk,RU,0.2138,10.00,optical_rgb,none,none,obb+hbb,unassigned,coord_match,69.020275,33.044828,18,678,559,0,sea,145.0,119.5,1.07,2010-04-02
100000482,100000482,murmansk,RU,0.2138,10.00,optical_rgb,none,none,obb+hbb,unassigned,coord_match,69.020275,33.044828,18,637,587,0,sea,136.2,125.5,1.07,2009-08-04
100000483,100000483,murmansk,RU,0.2138,10.00,optical_rgb,none,none,obb+hbb,unassigned,coord_match,69.020275,33.044828,18,715,599,0,sea,152.9,128.1,1.07,2008-04-29
100000484,100000484,murmansk,RU,0.2138,10.00,optical_rgb,none,none,obb+hbb,unassigned,coord_match,69.020275,33.044828,18,1076,803,0,sea,230.1,171.7,1.07,2008-04-29
100000485,100000485,murmansk,RU,0.2138,10.00,optical_rgb,none,none,obb+hbb,unassigned,coord_match,69.020275,33.044828,18,770,593,0,sea,164.6,126.8,1.07,2005-07-07
100000486,100000486,murmansk,RU,0.2141,10.00,optical_rgb,none,none,obb+hbb,unassigned,coord_match,68.993278,33.053478,18,1130,794,0,sealand,241.9,170.0,1.07,2014-07-06
100000487,100000487,murmansk,RU,0.2141,10.00,optical_rgb,none,none,obb+hbb,unassigned,coord_match,68.993278,33.053478,18,678,652,0,sealand,145.1,139.6,1.07,2014-07-06
100000488,100000488,murmansk,RU,0.2141,10.00,optical_rgb,none,none,obb+hbb,unassigned,coord_match,68.993278,33.053478,18,742,715,0,sealand,158.8,153.1,1.07,2014-07-06
100000489,100000489,murmansk,RU,0.2141,10.00,optical_rgb,none,none,obb+hbb,unassigned,coord_match,68.993278,33.053478,18,574,632,0,sealand,122.9,135.3,1.07,2014-07-06
100000490,100000490,murmansk,RU,0.2141,10.00,optical_rgb,none,none,obb+hbb,unassigned,coord_match,68.993278,33.053478,18,614,500,0,sealand,131.4,107.0,1.07,2014-07-06
100000491,100000491,murmansk,RU,0.2141,10.00,optical_rgb,none,none,obb+hbb,unassigned,coord_match,68.993278,33.053478,18,1060,839,0,sealand,226.9,179.6,1.07,2014-07-06
100000492,100000492,murmansk,RU,0.2141,10.00,optical_rgb,none,none,obb+hbb,unassigned,coord_match,68.993278,33.053478,18,1062,799,0,sealand,227.3,171.0,1.07,2014-07-06
100000493,100000493,murmansk,RU,0.2141,10.00,optical_rgb,none,none,obb+hbb,unassigned,coord_match,68.993278,33.053478,18,587,501,0,sealand,125.7,107.2,1.07,2014-07-01
100000494,100000494,murmansk,RU,0.2141,10.00,optical_rgb,none,none,obb+hbb,unassigned,coord_match,68.993278,33.053478,18,1147,803,0,sealand,245.5,171.9,1.07,2014-06-04
100000495,100000495,murmansk,RU,0.2141,10.00,optical_rgb,none,none,obb+hbb,unassigned,coord_match,68.993278,33.053478,18,1174,820,0,sealand,251.3,175.5,1.07,2014-06-04
100000496,100000496,murmansk,RU,0.2141,10.00,optical_rgb,none,none,obb+hbb,unassigned,coord_match,68.993278,33.053478,18,657,518,0,sealand,140.6,110.9,1.07,2014-06-04
100000497,100000497,murmansk,RU,0.2141,10.00,optical_rgb,none,none,obb+hbb,unassigned,coord_match,68.993278,33.053478,18,1179,801,0,sealand,252.4,171.5,1.07,2014-06-04
100000498,100000498,murmansk,RU,0.2141,10.00,optical_rgb,none,none,obb+hbb,unassigned,coord_match,68.993278,33.053478,18,998,745,0,sealand,213.6,159.5,1.07,2014-06-04
100000499,100000499,murmansk,RU,0.2141,10.00,optical_rgb,none,none,obb+hbb,unassigned,coord_match,68.993278,33.053478,18,1046,823,0,sealand,223.9,176.2,1.07,2014-06-04
100000500,100000500,murmansk,RU,0.2141,10.00,optical_rgb,none,none,obb+hbb,unassigned,coord_match,68.993278,33.053478,18,1181,829,0,sealand,252.8,177.5,1.07,2014-06-03
100000501,100000501,murmansk,RU,0.2141,10.00,optical_rgb,none,none,obb+hbb,unassigned,coord_match,68.993278,33.053478,18,1179,812,0,sealand,252.4,173.8,1.07,2014-06-03
100000502,100000502,murmansk,RU,0.2141,10.00,optical_rgb,none,none,obb+hbb,unassigned,coord_match,68.993278,33.053478,18,1186,816,0,sealand,253.9,174.7,1.07,2014-06-03
100000503,100000503,murmansk,RU,0.2141,10.00,optical_rgb,none,none,obb+hbb,unassigned,coord_match,68.993278,33.053478,18,928,759,0,sealand,198.7,162.5,1.07,2013-05-23
100000504,100000504,murmansk,RU,0.2141,10.00,optical_rgb,none,none,obb+hbb,unassigned,coord_match,68.993278,33.053478,18,1141,834,0,sealand,244.3,178.5,1.07,2013-05-23
100000505,100000505,murmansk,RU,0.2141,10.00,optical_rgb,none,none,obb+hbb,unassigned,coord_match,68.993278,33.053478,18,1145,839,0,sealand,245.1,179.6,1.07,2013-05-23
100000506,100000506,murmansk,RU,0.2141,10.00,optical_rgb,none,none,obb+hbb,unassigned,coord_match,68.993278,33.053478,18,1024,772,0,sealand,219.2,165.3,1.07,2013-05-23
100000507,100000507,murmansk,RU,0.2141,10.00,optical_rgb,none,none,obb+hbb,unassigned,coord_match,68.993278,33.053478,18,1042,798,0,sealand,223.1,170.8,1.07,2013-05-23
100000508,100000508,murmansk,RU,0.2141,10.00,optical_rgb,none,none,obb+hbb,unassigned,coord_match,68.993278,33.053478,18,1091,798,0,sealand,233.6,170.8,1.07,2013-05-23
100000509,100000509,murmansk,RU,0.2141,10.00,optical_rgb,none,none,obb+hbb,unassigned,coord_match,68.993278,33.053478,18,1071,809,0,sealand,229.3,173.2,1.07,2013-04-02
100000510,100000510,murmansk,RU,0.2141,10.00,optical_rgb,none,none,obb+hbb,unassigned,coord_match,68.993278,33.053478,18,1117,729,0,sealand,239.1,156.1,1.07,2013-04-02
100000511,100000511,murmansk,RU,0.2141,10.00,optical_rgb,none,none,obb+hbb,unassigned,coord_match,68.993278,33.053478,18,478,358,0,sealand,102.3,76.6,1.07,2013-04-02
100000512,100000512,murmansk,RU,0.2141,10.00,optical_rgb,none,none,obb+hbb,unassigned,coord_match,68.993278,33.053478,18,1057,810,0,sealand,226.3,173.4,1.07,2013-04-02
100000513,100000513,murmansk,RU,0.2141,10.00,optical_rgb,none,none,obb+hbb,unassigned,coord_match,68.993278,33.053478,18,1162,801,0,sealand,248.7,171.5,1.07,2012-06-25
100000514,100000514,murmansk,RU,0.2141,10.00,optical_rgb,none,none,obb+hbb,unassigned,coord_match,68.993278,33.053478,18,1041,759,0,sealand,222.8,162.5,1.07,2012-06-25
100000515,100000515,murmansk,RU,0.2141,10.00,optical_rgb,none,none,obb+hbb,unassigned,coord_match,68.993278,33.053478,18,1085,781,0,sealand,232.3,167.2,1.07,2012-06-25
100000516,100000516,murmansk,RU,0.2141,10.00,optical_rgb,none,none,obb+hbb,unassigned,coord_match,68.993278,33.053478,18,819,737,0,sealand,175.3,157.8,1.07,2012-06-25
100000517,100000517,murmansk,RU,0.2141,10.00,optical_rgb,none,none,obb+hbb,unassigned,coord_match,68.993278,33.053478,18,802,715,0,sealand,171.7,153.1,1.07,2012-06-25
100000518,100000518,murmansk,RU,0.2141,10.00,optical_rgb,none,none,obb+hbb,unassigned,coord_match,68.993278,33.053478,18,1128,799,0,sealand,241.5,171.0,1.07,2011-08-23
100000519,100000519,murmansk,RU,0.2141,10.00,optical_rgb,none,none,obb+hbb,unassigned,coord_match,68.993278,33.053478,18,1203,838,0,sealand,257.5,179.4,1.07,2011-08-23
100000520,100000520,murmansk,RU,0.2141,10.00,optical_rgb,none,none,obb+hbb,unassigned,coord_match,68.993278,33.053478,18,1056,787,0,sealand,226.1,168.5,1.07,2011-08-23
100000521,100000521,murmansk,RU,0.2141,10.00,optical_rgb,none,none,obb+hbb,unassigned,coord_match,68.993278,33.053478,18,1078,783,0,sealand,230.8,167.6,1.07,2011-08-23
100000522,100000522,murmansk,RU,0.2141,10.00,optical_rgb,none,none,obb+hbb,unassigned,coord_match,68.993278,33.053478,18,940,734,0,sealand,201.2,157.1,1.07,2005-07-07
100000523,100000523,murmansk,RU,0.2141,10.00,optical_rgb,none,none,obb+hbb,unassigned,coord_match,68.993278,33.053478,18,1052,803,0,sealand,225.2,171.9,1.07,2005-07-07
100000524,100000524,murmansk,RU,0.2138,10.00,optical_rgb,none,none,obb+hbb,unassigned,coord_match,69.016664,33.022717,18,737,714,0,sealand,157.6,152.7,1.07,2014-06-04
100000525,100000525,murmansk,RU,0.2138,10.00,optical_rgb,none,none,obb+hbb,unassigned,coord_match,69.016664,33.022717,18,962,786,0,sealand,205.7,168.1,1.07,2014-06-03
100000526,100000526,murmansk,RU,0.2138,10.00,optical_rgb,none,none,obb+hbb,unassigned,coord_match,69.016664,33.022717,18,847,704,0,sealand,181.1,150.5,1.07,2014-05-29
100000527,100000527,murmansk,RU,0.2138,10.00,optical_rgb,none,none,obb+hbb,unassigned,coord_match,69.016664,33.022717,18,1036,821,0,sealand,221.5,175.6,1.07,2013-05-23
100000528,100000528,murmansk,RU,0.2138,10.00,optical_rgb,none,none,obb+hbb,unassigned,coord_match,69.016664,33.022717,18,901,698,0,sealand,192.7,149.3,1.07,2013-04-02
100000529,100000529,murmansk,RU,0.2138,10.00,optical_rgb,none,none,obb+hbb,unassigned,coord_match,69.016664,33.022717,18,562,405,0,sealand,120.2,86.6,1.07,2012-06-25
100000530,100000530,murmansk,RU,0.2138,10.00,optical_rgb,none,none,obb+hbb,unassigned,coord_match,69.016664,33.022717,18,719,665,0,sealand,153.8,142.2,1.07,2012-06-25
100000531,100000531,murmansk,RU,0.2138,10.00,optical_rgb,none,none,obb+hbb,unassigned,coord_match,69.016664,33.022717,18,556,464,0,sealand,118.9,99.2,1.07,2011-08-23
100000532,100000532,murmansk,RU,0.2138,10.00,optical_rgb,none,none,obb+hbb,unassigned,coord_match,69.016664,33.022717,18,719,607,0,sealand,153.8,129.8,1.07,2011-08-23
100000533,100000533,murmansk,RU,0.2138,10.00,optical_rgb,none,none,obb+hbb,unassigned,coord_match,69.016664,33.022717,18,1144,812,0,sealand,244.6,173.6,1.07,2010-04-10
100000534,100000534,murmansk,RU,0.2138,10.00,optical_rgb,none,none,obb+hbb,unassigned,coord_match,69.016664,33.022717,18,878,713,0,sealand,187.8,152.5,1.07,2010-04-02
100000535,100000535,murmansk,RU,0.2138,10.00,optical_rgb,none,none,obb+hbb,unassigned,coord_match,69.016664,33.022717,18,891,696,0,sealand,190.5,148.8,1.07,2009-08-04
100000536,100000536,murmansk,RU,0.2138,10.00,optical_rgb,none,none,obb+hbb,unassigned,coord_match,69.016664,33.022717,18,972,768,0,sealand,207.9,164.2,1.07,2009-06-26
100000537,100000537,murmansk,RU,0.2138,10.00,optical_rgb,none,none,obb+hbb,unassigned,coord_match,69.016664,33.022717,18,1188,828,0,sealand,254.0,177.1,1.07,2005-07-07
100000538,100000538,murmansk,RU,0.2141,10.00,optical_rgb,none,none,obb+hbb,unassigned,coord_match,68.987375,33.038239,18,1079,846,0,sea,231.0,181.2,1.07,2014-06-05
100000539,100000539,murmansk,RU,0.2141,10.00,optical_rgb,none,none,obb+hbb,unassigned,coord_match,68.987375,33.038239,18,640,572,0,sea,137.0,122.5,1.07,2014-06-05
100000540,100000540,murmansk,RU,0.2141,10.00,optical_rgb,none,none,obb+hbb,unassigned,coord_match,68.987375,33.038239,18,790,656,0,sea,169.2,140.5,1.07,2014-06-04
100000541,100000541,murmansk,RU,0.2141,10.00,optical_rgb,none,none,obb+hbb,unassigned,coord_match,68.987375,33.038239,18,1081,787,0,sea,231.5,168.5,1.07,2014-06-03
100000542,100000542,murmansk,RU,0.2141,10.00,optical_rgb,none,none,obb+hbb,unassigned,coord_match,68.987375,33.038239,18,554,507,0,sea,118.6,108.6,1.07,2014-06-03
100000543,100000543,murmansk,RU,0.2141,10.00,optical_rgb,none,none,obb+hbb,unassigned,coord_match,68.987375,33.038239,18,1064,807,0,sea,227.8,172.8,1.07,2013-04-02
100000544,100000544,murmansk,RU,0.2141,10.00,optical_rgb,none,none,obb+hbb,unassigned,coord_match,68.987375,33.038239,18,901,727,0,sea,192.9,155.7,1.07,2013-04-02
100000545,100000545,murmansk,RU,0.2141,10.00,optical_rgb,none,none,obb+hbb,unassigned,coord_match,68.987375,33.038239,18,688,575,0,sea,147.3,123.1,1.07,2012-06-25
100000546,100000546,murmansk,RU,0.2141,10.00,optical_rgb,none,none,obb+hbb,unassigned,coord_match,68.987375,33.038239,18,686,630,0,sea,146.9,134.9,1.07,2010-04-02
100000547,100000547,murmansk,RU,0.2141,10.00,optical_rgb,none,none,obb+hbb,unassigned,coord_match,68.987375,33.038239,18,783,609,0,sea,167.7,130.4,1.07,2009-08-04
100000548,100000548,murmansk,RU,0.2142,10.00,optical_rgb,none,none,obb+hbb,unassigned,coord_match,68.983136,33.063778,18,924,652,0,sealand,197.9,139.6,1.07,2014-07-06
100000549,100000549,murmansk,RU,0.2142,10.00,optical_rgb,none,none,obb+hbb,unassigned,coord_match,68.983136,33.063778,18,746,691,0,sealand,159.8,148.0,1.07,2014-07-06
100000550,100000550,murmansk,RU,0.2142,10.00,optical_rgb,none,none,obb+hbb,unassigned,coord_match,68.983136,33.063778,18,945,792,0,sealand,202.4,169.6,1.07,2014-07-01
100000551,100000551,murmansk,RU,0.2142,10.00,optical_rgb,none,none,obb+hbb,unassigned,coord_match,68.983136,33.063778,18,884,740,0,sealand,189.3,158.5,1.07,2014-07-01
100000552,100000552,murmansk,RU,0.2142,10.00,optical_rgb,none,none,obb+hbb,unassigned,coord_match,68.983136,33.063778,18,1073,809,0,sealand,229.8,173.3,1.07,2014-07-01
100000553,100000553,murmansk,RU,0.2142,10.00,optical_rgb,none,none,obb+hbb,unassigned,coord_match,68.983136,33.063778,18,1107,797,0,sealand,237.1,170.7,1.07,2014-07-01
100000554,100000554,murmansk,RU,0.2142,10.00,optical_rgb,none,none,obb+hbb,unassigned,coord_match,68.983136,33.063778,18,1108,820,0,sealand,237.3,175.6,1.07,2014-07-01
100000555,100000555,murmansk,RU,0.2142,10.00,optical_rgb,none,none,obb+hbb,unassigned,coord_match,68.983136,33.063778,18,1062,780,0,sealand,227.4,167.1,1.07,2014-06-04
100000556,100000556,murmansk,RU,0.2142,10.00,optical_rgb,none,none,obb+hbb,unassigned,coord_match,68.983136,33.063778,18,1039,765,0,sealand,222.5,163.8,1.07,2014-06-04
100000557,100000557,murmansk,RU,0.2142,10.00,optical_rgb,none,none,obb+hbb,unassigned,coord_match,68.983136,33.063778,18,941,767,0,sealand,201.5,164.3,1.07,2014-06-04
100000558,100000558,murmansk,RU,0.2142,10.00,optical_rgb,none,none,obb+hbb,unassigned,coord_match,68.983136,33.063778,18,526,455,0,sealand,112.7,97.4,1.07,2014-06-04
100000559,100000559,murmansk,RU,0.2142,10.00,optical_rgb,none,none,obb+hbb,unassigned,coord_match,68.983136,33.063778,18,962,749,0,sealand,206.0,160.4,1.07,2014-06-03
100000560,100000560,murmansk,RU,0.2142,10.00,optical_rgb,none,none,obb+hbb,unassigned,coord_match,68.983136,33.063778,18,1097,795,0,sealand,234.9,170.3,1.07,2014-06-03
100000561,100000561,murmansk,RU,0.2142,10.00,optical_rgb,none,none,obb+hbb,unassigned,coord_match,68.983136,33.063778,18,1090,817,0,sealand,233.4,175.0,1.07,2013-05-23
100000562,100000562,murmansk,RU,0.2142,10.00,optical_rgb,none,none,obb+hbb,unassigned,coord_match,68.983136,33.063778,18,1081,815,0,sealand,231.5,174.5,1.07,2013-05-23
100000563,100000563,murmansk,RU,0.2142,10.00,optical_rgb,none,none,obb+hbb,unassigned,coord_match,68.983136,33.063778,18,1078,816,0,sealand,230.9,174.8,1.07,2013-05-23
100000564,100000564,murmansk,RU,0.2142,10.00,optical_rgb,none,none,obb+hbb,unassigned,coord_match,68.983136,33.063778,18,1094,826,0,sealand,234.3,176.9,1.07,2013-05-23
100000565,100000565,murmansk,RU,0.2142,10.00,optical_rgb,none,none,obb+hbb,unassigned,coord_match,68.983136,33.063778,18,1054,811,0,sealand,225.7,173.7,1.07,2013-05-23
100000566,100000566,murmansk,RU,0.2142,10.00,optical_rgb,none,none,obb+hbb,unassigned,coord_match,68.983136,33.063778,18,1041,783,0,sealand,222.9,167.7,1.07,2013-05-23
100000567,100000567,murmansk,RU,0.2142,10.00,optical_rgb,none,none,obb+hbb,unassigned,coord_match,68.983136,33.063778,18,931,780,0,sealand,199.4,167.1,1.07,2013-04-02
100000568,100000568,murmansk,RU,0.2142,10.00,optical_rgb,none,none,obb+hbb,unassigned,coord_match,68.983136,33.063778,18,849,798,0,sealand,181.8,170.9,1.07,2013-04-02
100000569,100000569,murmansk,RU,0.2142,10.00,optical_rgb,none,none,obb+hbb,unassigned,coord_match,68.983136,33.063778,18,1004,801,0,sealand,215.0,171.5,1.07,2013-04-02
100000570,100000570,murmansk,RU,0.2142,10.00,optical_rgb,none,none,obb+hbb,unassigned,coord_match,68.983136,33.063778,18,1094,825,0,sealand,234.3,176.7,1.07,2012-06-25
100000571,100000571,murmansk,RU,0.2142,10.00,optical_rgb,none,none,obb+hbb,unassigned,coord_match,68.983136,33.063778,18,1028,744,0,sealand,220.2,159.3,1.07,2012-06-25
100000572,100000572,murmansk,RU,0.2142,10.00,optical_rgb,none,none,obb+hbb,unassigned,coord_match,68.983136,33.063778,18,1016,820,0,sealand,217.6,175.6,1.07,2012-06-25
100000573,100000573,murmansk,RU,0.2142,10.00,optical_rgb,none,none,obb+hbb,unassigned,coord_match,68.983136,33.063778,18,1028,795,0,sealand,220.2,170.3,1.07,2012-06-25
100000574,100000574,murmansk,RU,0.2142,10.00,optical_rgb,none,none,obb+hbb,unassigned,coord_match,68.983136,33.063778,18,1057,766,0,sealand,226.4,164.1,1.07,2011-08-23
100000575,100000575,murmansk,RU,0.2142,10.00,optical_rgb,none,none,obb+hbb,unassigned,coord_match,68.983136,33.063778,18,815,650,0,sealand,174.5,139.2,1.07,2011-08-23
100000576,100000576,murmansk,RU,0.2142,10.00,optical_rgb,none,none,obb+hbb,unassigned,coord_match,68.983136,33.063778,18,849,734,0,sealand,181.8,157.2,1.07,2011-08-23
100000577,100000577,murmansk,RU,0.2142,10.00,optical_rgb,none,none,obb+hbb,unassigned,coord_match,68.983136,33.063778,18,1124,826,0,sealand,240.7,176.9,1.07,2011-08-23
100000578,100000578,murmansk,RU,0.2142,10.00,optical_rgb,none,none,obb+hbb,unassigned,coord_match,68.983136,33.063778,18,914,767,0,sealand,195.8,164.3,1.07,2011-08-23
100000579,100000579,murmansk,RU,0.2142,10.00,optical_rgb,none,none,obb+hbb,unassigned,coord_match,68.983136,33.063778,18,1052,810,0,sealand,225.3,173.5,1.07,2010-04-10
100000580,100000580,murmansk,RU,0.2142,10.00,optical_rgb,none,none,obb+hbb,unassigned,coord_match,68.983136,33.063778,18,904,721,0,sealand,193.6,154.4,1.07,2010-04-10
100000581,100000581,murmansk,RU,0.2142,10.00,optical_rgb,none,none,obb+hbb,unassigned,coord_match,68.983136,33.063778,18,1100,824,0,sealand,235.6,176.5,1.07,2010-04-02
100000582,100000582,murmansk,RU,0.2142,10.00,optical_rgb,none,none,obb+hbb,unassigned,coord_match,68.983136,33.063778,18,1104,835,0,sealand,236.4,178.8,1.07,2010-04-02
100000583,100000583,murmansk,RU,0.2142,10.00,optical_rgb,none,none,obb+hbb,unassigned,coord_match,68.983136,33.063778,18,1125,828,0,sealand,240.9,177.3,1.07,2009-08-04
100000584,100000584,murmansk,RU,0.2142,10.00,optical_rgb,none,none,obb+hbb,unassigned,coord_match,68.983136,33.063778,18,1066,810,0,sealand,228.3,173.5,1.07,2009-08-04
100000585,100000585,murmansk,RU,0.2142,10.00,optical_rgb,none,none,obb+hbb,unassigned,coord_match,68.983136,33.063778,18,1109,834,0,sealand,237.5,178.6,1.07,2008-04-29
100000586,100000586,murmansk,RU,0.2142,10.00,optical_rgb,none,none,obb+hbb,unassigned,coord_match,68.983136,33.063778,18,1074,780,0,sealand,230.0,167.1,1.07,2006-07-30
100000587,100000587,murmansk,RU,0.2142,10.00,optical_rgb,none,none,obb+hbb,unassigned,coord_match,68.983136,33.063778,18,968,810,0,sealand,207.3,173.5,1.07,2006-07-30
100000588,100000588,murmansk,RU,0.2142,10.00,optical_rgb,none,none,obb+hbb,unassigned,coord_match,68.983136,33.063778,18,1060,783,0,sealand,227.0,167.7,1.07,2006-07-30
100000589,100000589,murmansk,RU,0.2142,10.00,optical_rgb,none,none,obb+hbb,unassigned,coord_match,68.983136,33.063778,18,1128,807,0,sealand,241.6,172.8,1.07,2006-07-30
100000590,100000590,murmansk,RU,0.2142,10.00,optical_rgb,none,none,obb+hbb,unassigned,coord_match,68.983136,33.063778,18,1091,810,0,sealand,233.7,173.5,1.07,2006-07-30
100000591,100000591,murmansk,RU,0.2142,10.00,optical_rgb,none,none,obb+hbb,unassigned,coord_match,68.983136,33.063778,18,987,779,0,sealand,211.4,166.8,1.07,2006-07-30
100000592,100000592,murmansk,RU,0.2142,10.00,optical_rgb,none,none,obb+hbb,unassigned,coord_match,68.983136,33.063778,18,1100,826,0,sealand,235.6,176.9,1.07,2005-07-07
100000593,100000593,murmansk,RU,0.2142,10.00,optical_rgb,none,none,obb+hbb,unassigned,coord_match,68.983136,33.063778,18,1115,829,0,sealand,238.8,177.5,1.07,2005-07-07
100000594,100000594,murmansk,RU,0.2142,10.00,optical_rgb,none,none,obb+hbb,unassigned,coord_match,68.983136,33.063778,18,692,579,0,sealand,148.2,124.0,1.07,2005-07-07
100000595,100000595,murmansk,RU,0.2144,10.00,optical_rgb,none,none,obb+hbb,unassigned,coord_match,68.960125,33.020539,18,861,629,0,sea,184.6,134.9,1.07,2014-07-06
100000596,100000596,murmansk,RU,0.2144,10.00,optical_rgb,none,none,obb+hbb,unassigned,coord_match,68.960125,33.020539,18,872,670,0,sea,187.0,143.6,1.07,2014-07-06
100000597,100000597,murmansk,RU,0.2144,10.00,optical_rgb,none,none,obb+hbb,unassigned,coord_match,68.960125,33.020539,18,907,692,0,sea,194.5,148.4,1.07,2014-07-06
100000598,100000598,murmansk,RU,0.2144,10.00,optical_rgb,none,none,obb+hbb,unassigned,coord_match,68.960125,33.020539,18,1019,762,0,sea,218.5,163.4,1.07,2014-06-04
100000599,100000599,murmansk,RU,0.2144,10.00,optical_rgb,none,none,obb+hbb,unassigned,coord_match,68.960125,33.020539,18,695,515,0,sea,149.0,110.4,1.07,2014-06-03
100000600,100000600,murmansk,RU,0.2144,10.00,optical_rgb,none,none,obb+hbb,unassigned,coord_match,68.960125,33.020539,18,612,468,0,sea,131.2,100.3,1.07,2013-05-23
100000601,100000601,murmansk,RU,0.2144,10.00,optical_rgb,none,none,obb+hbb,unassigned,coord_match,68.960125,33.020539,18,562,474,0,sea,120.5,101.6,1.07,2013-05-23
100000602,100000602,murmansk,RU,0.2144,10.00,optical_rgb,none,none,obb+hbb,unassigned,coord_match,68.960125,33.020539,18,626,523,0,sea,134.2,112.1,1.07,2013-04-02
100000603,100000603,murmansk,RU,0.2144,10.00,optical_rgb,none,none,obb+hbb,unassigned,coord_match,68.960125,33.020539,18,602,490,0,sea,129.1,105.1,1.07,2013-04-02
100000604,100000604,murmansk,RU,0.2144,10.00,optical_rgb,none,none,obb+hbb,unassigned,coord_match,68.960125,33.020539,18,797,662,0,sea,170.9,141.9,1.07,2010-04-10
100000605,100000605,murmansk,RU,0.2144,10.00,optical_rgb,none,none,obb+hbb,unassigned,coord_match,68.960125,33.020539,18,1178,815,0,sea,252.6,174.7,1.07,2010-04-02
100000606,100000606,murmansk,RU,0.2144,10.00,optical_rgb,none,none,obb+hbb,unassigned,coord_match,68.960125,33.020539,18,1110,799,0,sea,238.0,171.3,1.07,2010-04-02
100000607,100000607,murmansk,RU,0.2144,10.00,optical_rgb,none,none,obb+hbb,unassigned,coord_match,68.960125,33.020539,18,566,554,0,sea,121.3,118.8,1.07,2008-04-29
100000608,100000608,murmansk,RU,0.2144,10.00,optical_rgb,none,none,obb+hbb,unassigned,coord_match,68.960125,33.020539,18,800,631,0,sea,171.5,135.3,1.07,2005-07-07
100000609,100000609,murmansk,RU,0.2147,10.00,optical_rgb,none,none,obb+hbb,unassigned,coord_match,68.931428,33.029786,18,1160,813,0,sealand,249.0,174.5,1.07,2014-06-05
100000610,100000610,murmansk,RU,0.2147,10.00,optical_rgb,none,none,obb+hbb,unassigned,coord_match,68.931428,33.029786,18,1163,801,0,sealand,249.7,172.0,1.07,2014-06-05
100000611,100000611,murmansk,RU,0.2147,10.00,optical_rgb,none,none,obb+hbb,unassigned,coord_match,68.931428,33.029786,18,972,767,0,sealand,208.7,164.7,1.07,2014-06-05
100000612,100000612,murmansk,RU,0.2147,10.00,optical_rgb,none,none,obb+hbb,unassigned,coord_match,68.931428,33.029786,18,1147,817,0,sealand,246.2,175.4,1.07,2014-06-05
100000613,100000613,murmansk,RU,0.2147,10.00,optical_rgb,none,none,obb+hbb,unassigned,coord_match,68.931428,33.029786,18,1089,800,0,sealand,233.8,171.7,1.07,2014-06-04
100000614,100000614,murmansk,RU,0.2147,10.00,optical_rgb,none,none,obb+hbb,unassigned,coord_match,68.931428,33.029786,18,1133,788,0,sealand,243.2,169.2,1.07,2014-06-04
100000615,100000615,murmansk,RU,0.2147,10.00,optical_rgb,none,none,obb+hbb,unassigned,coord_match,68.931428,33.029786,18,666,656,0,sealand,143.0,140.8,1.07,2014-06-04
100000616,100000616,murmansk,RU,0.2147,10.00,optical_rgb,none,none,obb+hbb,unassigned,coord_match,68.931428,33.029786,18,1017,704,0,sealand,218.3,151.1,1.07,2014-06-04
100000617,100000617,murmansk,RU,0.2147,10.00,optical_rgb,none,none,obb+hbb,unassigned,coord_match,68.931428,33.029786,18,1163,815,0,sealand,249.7,175.0,1.07,2014-06-04
100000618,100000618,murmansk,RU,0.2147,10.00,optical_rgb,none,none,obb+hbb,unassigned,coord_match,68.931428,33.029786,18,728,594,0,sealand,156.3,127.5,1.07,2014-06-03
100000619,100000619,murmansk,RU,0.2147,10.00,optical_rgb,none,none,obb+hbb,unassigned,coord_match,68.931428,33.029786,18,1057,792,0,sealand,226.9,170.0,1.07,2014-06-03
100000620,100000620,murmansk,RU,0.2147,10.00,optical_rgb,none,none,obb+hbb,unassigned,coord_match,68.931428,33.029786,18,1128,815,0,sealand,242.1,175.0,1.07,2009-08-04
100000621,100000621,murmansk,RU,0.2147,10.00,optical_rgb,none,none,obb+hbb,unassigned,coord_match,68.931428,33.029786,18,701,642,0,sealand,150.5,137.8,1.07,2009-08-04
100000622,100000622,everett,US,0.3997,10.00,optical_rgb,none,none,obb+hbb,val,coord_match,47.981542,-122.227714,18,1153,688,2,sealand,460.9,275.0,1.07,2015-02-01
100000623,100000623,everett,US,0.3997,10.00,optical_rgb,none,none,obb+hbb,test,coord_match,47.981542,-122.227714,18,1167,814,0,sealand,466.5,325.4,1.07,2015-02-01
100000624,100000624,everett,US,0.3997,10.00,optical_rgb,none,none,obb+hbb,test,coord_match,47.981542,-122.227714,18,1179,823,0,sealand,471.3,329.0,1.07,2015-02-01
100000625,100000625,everett,US,0.3997,10.00,optical_rgb,none,none,obb+hbb,test,coord_match,47.981542,-122.227714,18,1181,831,0,sealand,472.1,332.2,1.07,2015-02-01
100000626,100000626,everett,US,0.3997,10.00,optical_rgb,none,none,obb+hbb,test,coord_match,47.981542,-122.227714,18,1113,782,0,sealand,444.9,312.6,1.07,2015-02-01
100000627,100000627,everett,US,0.3997,10.00,optical_rgb,none,none,obb+hbb,val,coord_match,47.981542,-122.227714,18,1182,793,1,sealand,472.5,317.0,1.07,2015-02-01
100000628,100000628,everett,US,0.3997,10.00,optical_rgb,none,none,obb+hbb,test,coord_match,47.981542,-122.227714,18,1170,827,0,sealand,467.7,330.6,1.07,2015-02-01
100000629,100000629,everett,US,0.3997,10.00,optical_rgb,none,none,obb+hbb,val,coord_match,47.981542,-122.227714,18,1209,819,1,sea,483.3,327.4,1.07,2014-07-01
100000630,100000630,everett,US,0.3997,10.00,optical_rgb,none,none,obb+hbb,test,coord_match,47.981542,-122.227714,18,1177,817,1,sea,470.5,326.6,1.07,2014-07-01
100000631,100000631,everett,US,0.1999,10.00,optical_rgb,none,none,obb+hbb,train,coord_match,47.981542,-122.227714,19,1181,829,1,sealand,236.0,165.7,0.54,2014-07-01
100000632,100000632,everett,US,0.3997,10.00,optical_rgb,none,none,obb+hbb,train,coord_match,47.981542,-122.227714,18,1194,828,1,sealand,477.3,331.0,1.07,2014-07-01
100000633,100000633,everett,US,0.3997,10.00,optical_rgb,none,none,obb+hbb,test,coord_match,47.981542,-122.227714,18,1199,820,0,sealand,479.3,327.8,1.07,2014-07-01
100000634,100000634,everett,US,0.3997,10.00,optical_rgb,none,none,obb+hbb,test,coord_match,47.981542,-122.227714,18,1186,835,2,sealand,474.1,333.8,1.07,2014-07-01
100000635,100000635,everett,US,0.3997,10.00,optical_rgb,none,none,obb+hbb,test,coord_match,47.981542,-122.227714,18,1174,830,1,sea,469.3,331.8,1.07,2013-05-01
100000636,100000636,everett,US,0.3997,10.00,optical_rgb,none,none,obb+hbb,val,coord_match,47.981542,-122.227714,18,1157,819,1,sea,462.5,327.4,1.07,2013-05-01
100000637,100000637,everett,US,0.3997,10.00,optical_rgb,none,none,obb+hbb,val,coord_match,47.981542,-122.227714,18,1191,837,4,sealand,476.1,334.6,1.07,2013-05-01
100000638,100000638,everett,US,0.3997,10.00,optical_rgb,none,none,obb+hbb,train,coord_match,47.981542,-122.227714,18,1189,830,3,sealand,475.3,331.8,1.07,2013-05-01
100000639,100000639,everett,US,0.3997,10.00,optical_rgb,none,none,obb+hbb,test,coord_match,47.981542,-122.227714,18,1191,824,0,sealand,476.1,329.4,1.07,2013-05-01
100000640,100000640,everett,US,0.3997,10.00,optical_rgb,none,none,obb+hbb,val,coord_match,47.981542,-122.227714,18,1174,827,1,sea,469.3,330.6,1.07,2012-07-01
100000641,100000641,everett,US,0.3997,10.00,optical_rgb,none,none,obb+hbb,val,coord_match,47.981542,-122.227714,18,1179,812,1,sea,471.3,324.6,1.07,2012-07-01
100000642,100000642,everett,US,0.3997,10.00,optical_rgb,none,none,obb+hbb,train,coord_match,47.981542,-122.227714,18,1183,828,5,sealand,472.9,331.0,1.07,2012-07-01
100000643,100000643,everett,US,0.3997,10.00,optical_rgb,none,none,obb+hbb,test,coord_match,47.981542,-122.227714,18,1157,820,0,sealand,462.5,327.8,1.07,2012-07-01
100000644,100000644,everett,US,0.3997,10.00,optical_rgb,none,none,obb+hbb,val,coord_match,47.981542,-122.227714,18,1180,832,1,sealand,471.7,332.6,1.07,2012-07-01
100000645,100000645,everett,US,0.3997,10.00,optical_rgb,none,none,obb+hbb,test,coord_match,47.981542,-122.227714,18,1180,808,4,sealand,471.7,323.0,1.07,2011-11-01
100000646,100000646,everett,US,0.1999,10.00,optical_rgb,none,none,obb+hbb,train,coord_match,47.981542,-122.227714,19,1193,832,1,sealand,238.4,166.3,0.54,2011-08-01
100000647,100000647,everett,US,0.1999,10.00,optical_rgb,none,none,obb+hbb,test,coord_match,47.981542,-122.227714,19,1177,821,1,sealand,235.2,164.1,0.54,2011-08-01
100000648,100000648,everett,US,0.3997,10.00,optical_rgb,none,none,obb+hbb,test,coord_match,47.981542,-122.227714,18,1193,843,4,sealand,476.9,337.0,1.07,2011-08-01
100000649,100000649,everett,US,0.1999,10.00,optical_rgb,none,none,obb+hbb,val,coord_match,47.981542,-122.227714,19,1178,827,1,sealand,235.4,165.3,0.54,2011-08-01
100000650,100000650,everett,US,0.3997,10.00,optical_rgb,none,none,obb+hbb,test,coord_match,47.981542,-122.227714,18,1168,831,1,sealand,466.9,332.2,1.07,2011-08-01
100000651,100000651,everett,US,0.3997,10.00,optical_rgb,none,none,obb+hbb,train,coord_match,47.981542,-122.227714,18,1174,814,1,sea,469.3,325.4,1.07,2010-06-01
100000652,100000652,everett,US,0.3997,10.00,optical_rgb,none,none,obb+hbb,val,coord_match,47.981542,-122.227714,18,1178,826,1,sealand,470.9,330.2,1.07,2010-06-01
100000653,100000653,everett,US,0.3997,10.00,optical_rgb,none,none,obb+hbb,test,coord_match,47.981542,-122.227714,18,1200,829,2,sealand,479.7,331.4,1.07,2010-06-01
100000654,100000654,everett,US,0.3997,10.00,optical_rgb,none,none,obb+hbb,test,coord_match,47.981542,-122.227714,18,1190,835,3,sealand,475.7,333.8,1.07,2010-06-01
100000655,100000655,everett,US,0.3997,10.00,optical_rgb,none,none,obb+hbb,train,coord_match,47.981542,-122.227714,18,1181,823,2,sealand,472.1,329.0,1.07,2010-06-01
100000656,100000656,everett,US,0.3997,10.00,optical_rgb,none,none,obb+hbb,test,coord_match,47.981542,-122.227714,18,1168,822,4,sealand,466.9,328.6,1.07,2010-06-01
100000657,100000657,everett,US,0.3997,10.00,optical_rgb,none,none,obb+hbb,val,coord_match,47.981542,-122.227714,18,1185,826,1,sealand,473.7,330.2,1.07,2010-05-01
100000658,100000658,everett,US,0.3997,10.00,optical_rgb,none,none,obb+hbb,test,coord_match,47.981542,-122.227714,18,1187,814,3,sealand,474.5,325.4,1.07,2010-05-01
100000659,100000659,everett,US,0.3997,10.00,optical_rgb,none,none,obb+hbb,test,coord_match,47.981542,-122.227714,18,1029,683,1,sea,411.3,273.0,1.07,2010-05-01
100000660,100000660,everett,US,0.3997,10.00,optical_rgb,none,none,obb+hbb,train,coord_match,47.981542,-122.227714,18,1070,793,1,sea,427.7,317.0,1.07,2010-05-01
100000661,100000661,everett,US,0.3997,10.00,optical_rgb,none,none,obb+hbb,test,coord_match,47.981542,-122.227714,18,1174,836,2,sealand,469.3,334.2,1.07,2010-05-01
100000662,100000662,everett,US,0.3997,10.00,optical_rgb,none,none,obb+hbb,train,coord_match,47.981542,-122.227714,18,1181,836,2,sealand,472.1,334.2,1.07,2009-09-01
100000663,100000663,everett,US,0.3997,10.00,optical_rgb,none,none,obb+hbb,test,coord_match,47.981542,-122.227714,18,1162,824,2,sealand,464.5,329.4,1.07,2009-09-01
100000664,100000664,everett,US,0.3997,10.00,optical_rgb,none,none,obb+hbb,train,coord_match,47.981542,-122.227714,18,1166,827,2,sealand,466.1,330.6,1.07,2009-05-01
100000665,100000665,everett,US,0.3997,10.00,optical_rgb,none,none,obb+hbb,val,coord_match,47.981542,-122.227714,18,1166,821,1,sealand,466.1,328.2,1.07,2009-05-01
100000666,100000666,everett,US,0.3997,10.00,optical_rgb,none,none,obb+hbb,test,coord_match,47.981542,-122.227714,18,1188,825,0,sealand,474.9,329.8,1.07,2009-05-01
100000667,100000667,everett,US,0.3997,10.00,optical_rgb,none,none,obb+hbb,train,coord_match,47.981542,-122.227714,18,1159,819,1,sealand,463.3,327.4,1.07,2009-05-01
100000668,100000668,everett,US,0.3997,10.00,optical_rgb,none,none,obb+hbb,train,coord_match,47.981542,-122.227714,18,1023,802,1,sealand,408.9,320.6,1.07,2009-05-01
100000669,100000669,everett,US,0.3997,10.00,optical_rgb,none,none,obb+hbb,train,coord_match,47.981542,-122.227714,18,922,615,1,sea,368.5,245.8,1.07,2009-05-01
100000670,100000670,everett,US,0.3997,10.00,optical_rgb,none,none,obb+hbb,train,coord_match,47.981542,-122.227714,18,1188,828,1,sealand,474.9,331.0,1.07,2007-11-01
100000671,100000671,everett,US,0.3997,10.00,optical_rgb,none,none,obb+hbb,test,coord_match,47.981542,-122.227714,18,1173,828,0,sealand,468.9,331.0,1.07,2007-11-01
100000672,100000672,everett,US,0.3997,10.00,optical_rgb,none,none,obb+hbb,test,coord_match,47.981542,-122.227714,18,1082,829,2,sealand,432.5,331.4,1.07,2007-11-01
100000673,100000673,everett,US,0.3997,10.00,optical_rgb,none,none,obb+hbb,test,coord_match,47.981542,-122.227714,18,1158,826,1,sealand,462.9,330.2,1.07,2007-11-01
100000674,100000674,everett,US,0.3997,10.00,optical_rgb,none,none,obb+hbb,test,coord_match,47.981542,-122.227714,18,1185,829,2,sealand,473.7,331.4,1.07,2007-08-01
100000675,100000675,everett,US,0.3997,10.00,optical_rgb,none,none,obb+hbb,train,coord_match,47.981542,-122.227714,18,1173,809,2,sealand,468.9,323.4,1.07,2007-08-01
100000676,100000676,everett,US,0.3997,10.00,optical_rgb,none,none,obb+hbb,test,coord_match,47.981542,-122.227714,18,971,787,1,sealand,388.1,314.6,1.07,2007-08-01
100000677,100000677,everett,US,0.3997,10.00,optical_rgb,none,none,obb+hbb,test,coord_match,47.981542,-122.227714,18,1129,817,1,sealand,451.3,326.6,1.07,2007-08-01
100000678,100000678,everett,US,0.3997,10.00,optical_rgb,none,none,obb+hbb,val,coord_match,47.981542,-122.227714,18,1184,826,3,sealand,473.3,330.2,1.07,2007-07-01
100000679,100000679,everett,US,0.3997,10.00,optical_rgb,none,none,obb+hbb,test,coord_match,47.981542,-122.227714,18,1152,820,4,sealand,460.5,327.8,1.07,2007-07-01
100000680,100000680,everett,US,0.3997,10.00,optical_rgb,none,none,obb+hbb,test,coord_match,47.981542,-122.227714,18,1047,743,1,sea,418.5,297.0,1.07,2007-07-01
100000681,100000681,everett,US,0.3997,10.00,optical_rgb,none,none,obb+hbb,train,coord_match,47.981542,-122.227714,18,918,743,1,sea,366.9,297.0,1.07,2007-07-01
100000682,100000682,everett,US,0.3997,10.00,optical_rgb,none,none,obb+hbb,train,coord_match,47.981542,-122.227714,18,1179,830,3,sealand,471.3,331.8,1.07,2007-05-01
100000683,100000683,everett,US,0.3997,10.00,optical_rgb,none,none,obb+hbb,val,coord_match,47.981542,-122.227714,18,1181,825,3,sealand,472.1,329.8,1.07,2006-07-01
100000684,100000684,everett,US,0.3997,10.00,optical_rgb,none,none,obb+hbb,val,coord_match,47.981542,-122.227714,18,1169,820,2,sealand,467.3,327.8,1.07,2005-08-01
100000685,100000685,everett,US,0.3997,10.00,optical_rgb,none,none,obb+hbb,test,coord_match,47.981542,-122.227714,18,1176,845,4,sealand,470.1,337.8,1.07,2005-05-01
100000686,100000686,everett,US,0.3997,10.00,optical_rgb,none,none,obb+hbb,test,coord_match,47.981542,-122.227714,18,1142,830,0,sealand,456.5,331.8,1.07,2005-05-01
100000687,100000687,everett,US,0.3997,10.00,optical_rgb,none,none,obb+hbb,train,coord_match,47.981542,-122.227714,18,1164,831,1,sealand,465.3,332.2,1.07,2005-05-01
100000688,100000688,everett,US,0.3997,10.00,optical_rgb,none,none,obb+hbb,test,coord_match,47.981542,-122.227714,18,1175,817,1,sealand,469.7,326.6,1.07,2005-05-01
100000689,100000689,everett,US,0.3997,10.00,optical_rgb,none,none,obb+hbb,val,coord_match,47.981542,-122.227714,18,1049,808,1,sealand,419.3,323.0,1.07,2005-05-01
100000690,100000690,everett,US,0.3997,10.00,optical_rgb,none,none,obb+hbb,test,coord_match,47.981542,-122.227714,18,1129,820,1,sealand,451.3,327.8,1.07,2005-05-01
100000691,100000691,everett,US,0.3997,10.00,optical_rgb,none,none,obb+hbb,train,coord_match,47.981542,-122.227714,18,1176,824,2,sealand,470.1,329.4,1.07,2005-03-01
100000692,100000692,everett,US,0.3997,10.00,optical_rgb,none,none,obb+hbb,val,coord_match,47.981542,-122.227714,18,1087,758,1,sea,434.5,303.0,1.07,2005-03-01
100000693,100000693,everett,US,0.3997,10.00,optical_rgb,none,none,obb+hbb,train,coord_match,47.981542,-122.227714,18,1035,744,1,sealand,413.7,297.4,1.07,2005-03-01
100000694,100000694,everett,US,0.3997,10.00,optical_rgb,none,none,obb+hbb,val,coord_match,47.981542,-122.227714,18,1194,836,5,sealand,477.3,334.2,1.07,2003-07-01
100000695,100000695,everett,US,0.3997,10.00,optical_rgb,none,none,obb+hbb,test,coord_match,47.981542,-122.227714,18,1173,791,0,sealand,468.9,316.2,1.07,2003-07-01
100000696,100000696,everett,US,0.3997,10.00,optical_rgb,none,none,obb+hbb,test,coord_match,47.981542,-122.227714,18,1142,810,1,sealand,456.5,323.8,1.07,2003-07-01
100000697,100000697,everett,US,0.3997,10.00,optical_rgb,none,none,obb+hbb,test,coord_match,47.981542,-122.227714,18,935,749,1,sea,373.7,299.4,1.07,2002-06-01
100000698,100000698,everett,US,0.3997,10.00,optical_rgb,none,none,obb+hbb,test,coord_match,47.981542,-122.227714,18,866,629,1,sea,346.2,251.4,1.07,2002-06-01
100000699,100000699,newport,US,0.4471,10.00,optical_rgb,none,none,obb+hbb,val,coord_match,41.528286,-71.304656,18,1173,823,4,sealand,524.4,367.9,1.07,2013-04-28
100000700,100000700,newport,US,0.4471,10.00,optical_rgb,none,none,obb+hbb,test,coord_match,41.528286,-71.304656,18,1187,829,3,sealand,530.7,370.6,1.07,2012-04-03
100000701,100000701,newport,US,0.4471,10.00,optical_rgb,none,none,obb+hbb,train,coord_match,41.528286,-71.304656,18,1023,728,1,sea,457.3,325.5,1.07,2012-04-03
100000702,100000702,newport,US,0.4471,10.00,optical_rgb,none,none,obb+hbb,test,coord_match,41.528286,-71.304656,18,1109,784,0,sea,495.8,350.5,1.07,2012-04-03
100000703,100000703,newport,US,0.4471,10.00,optical_rgb,none,none,obb+hbb,train,coord_match,41.528286,-71.304656,18,1189,831,1,sealand,531.5,371.5,1.07,2010-12-31
100000704,100000704,newport,US,0.4471,10.00,optical_rgb,none,none,obb+hbb,val,coord_match,41.528286,-71.304656,18,1110,787,1,sea,496.2,351.8,1.07,2010-12-31
100000705,100000705,newport,US,0.4471,10.00,optical_rgb,none,none,obb+hbb,train,coord_match,41.528286,-71.304656,18,1182,825,4,sealand,528.4,368.8,1.07,2010-05-01
100000706,100000706,newport,US,0.4471,10.00,optical_rgb,none,none,obb+hbb,test,coord_match,41.528286,-71.304656,18,1198,831,5,sealand,535.6,371.5,1.07,2009-04-30
100000707,100000707,newport,US,0.4471,10.00,optical_rgb,none,none,obb+hbb,test,coord_match,41.528286,-71.304656,18,859,679,2,sea,384.0,303.5,1.07,2009-04-30
100000708,100000708,newport,US,0.4471,10.00,optical_rgb,none,none,obb+hbb,test,coord_match,41.528286,-71.304656,18,1015,724,3,sea,453.8,323.7,1.07,2009-04-30
100000709,100000709,newport,US,0.4471,10.00,optical_rgb,none,none,obb+hbb,train,coord_match,41.528286,-71.304656,18,1182,827,3,sealand,528.4,369.7,1.07,2008-07-16
100000710,100000710,newport,US,0.4471,10.00,optical_rgb,none,none,obb+hbb,test,coord_match,41.528286,-71.304656,18,838,653,1,sea,374.6,291.9,1.07,2008-07-16
100000711,100000711,newport,US,0.4471,10.00,optical_rgb,none,none,obb+hbb,train,coord_match,41.528286,-71.304656,18,1190,830,2,sealand,532.0,371.1,1.07,2007-07-29
100000712,100000712,newport,US,0.4471,10.00,optical_rgb,none,none,obb+hbb,train,coord_match,41.528286,-71.304656,18,1145,810,3,sealand,511.9,362.1,1.07,2007-07-29
100000713,100000713,newport,US,0.4471,10.00,optical_rgb,none,none,obb+hbb,test,coord_match,41.528286,-71.304656,18,898,716,1,sea,401.5,320.1,1.07,2007-07-29
100000714,100000714,newport,US,0.4471,10.00,optical_rgb,none,none,obb+hbb,train,coord_match,41.528286,-71.304656,18,1128,808,1,sealand,504.3,361.2,1.07,2007-07-29
100000715,100000715,newport,US,0.4471,10.00,optical_rgb,none,none,obb+hbb,val,coord_match,41.528286,-71.304656,18,1161,810,2,sealand,519.0,362.1,1.07,2006-08-16
100000716,100000716,newport,US,0.4471,10.00,optical_rgb,none,none,obb+hbb,test,coord_match,41.528286,-71.304656,18,793,586,1,sea,354.5,262.0,1.07,2006-08-16
100000717,100000717,newport,US,0.8941,10.00,optical_rgb,none,none,obb+hbb,val,coord_match,41.528286,-71.304656,17,1153,808,2,sealand,1030.9,722.4,2.15,2005-08-01
100000718,100000718,newport,US,0.4471,10.00,optical_rgb,none,none,obb+hbb,test,coord_match,41.528286,-71.304656,18,1155,818,2,sealand,516.3,365.7,1.07,2004-10-20
100000719,100000719,newport,US,0.4471,10.00,optical_rgb,none,none,obb+hbb,train,coord_match,41.528286,-71.304656,18,1174,812,4,sealand,524.8,363.0,1.07,2004-10-20
100000720,100000720,newport,US,0.4471,10.00,optical_rgb,none,none,obb+hbb,test,coord_match,41.528286,-71.304656,18,1063,737,1,sea,475.2,329.5,1.07,2004-10-20
100000721,100000721,newport,US,0.4471,10.00,optical_rgb,none,none,obb+hbb,train,coord_match,41.528286,-71.304656,18,981,756,2,sea,438.6,338.0,1.07,2004-10-20
100000722,100000722,newport,US,0.4471,10.00,optical_rgb,none,none,obb+hbb,test,coord_match,41.528286,-71.304656,18,993,780,2,sea,443.9,348.7,1.07,2004-10-20
100000723,100000723,newport,US,0.4471,10.00,optical_rgb,none,none,obb+hbb,val,coord_match,41.528286,-71.304656,18,1169,805,2,sealand,522.6,359.9,1.07,2003-07-07
100000724,100000724,newport,US,0.4471,10.00,optical_rgb,none,none,obb+hbb,train,coord_match,41.528286,-71.304656,18,1126,806,3,sealand,503.4,360.3,1.07,2003-07-07
100000725,100000725,newport,US,0.4471,10.00,optical_rgb,none,none,obb+hbb,test,coord_match,41.528286,-71.304656,18,1144,819,2,sealand,511.4,366.1,1.07,2003-04-30
100000726,100000726,mayport,US,0.5151,10.00,optical_rgb,none,none,obb+hbb,train,coord_match,30.394789,-81.4097,18,1181,824,2,sealand,608.3,424.4,1.07,2014-01-20
100000727,100000727,mayport,US,0.5151,10.00,optical_rgb,none,none,obb+hbb,train,coord_match,30.394789,-81.4097,18,1183,827,5,sealand,609.4,426.0,1.07,2014-01-20
100000728,100000728,mayport,US,0.5151,10.00,optical_rgb,none,none,obb+hbb,test,coord_match,30.394789,-81.4097,18,1198,825,4,sealand,617.1,424.9,1.07,2014-01-20
100000729,100000729,mayport,US,0.5151,10.00,optical_rgb,none,none,obb+hbb,test,coord_match,30.394789,-81.4097,18,1173,802,2,sealand,604.2,413.1,1.07,2014-01-20
100000730,100000730,mayport,US,0.5151,10.00,optical_rgb,none,none,obb+hbb,val,coord_match,30.394789,-81.4097,18,1186,829,2,sealand,610.9,427.0,1.07,2014-01-20
100000731,100000731,mayport,US,0.5151,10.00,optical_rgb,none,none,obb+hbb,test,coord_match,30.394789,-81.4097,18,1107,809,2,sealand,570.2,416.7,1.07,2014-01-20
100000732,100000732,mayport,US,0.5151,10.00,optical_rgb,none,none,obb+hbb,test,coord_match,30.394789,-81.4097,18,1160,814,2,sealand,597.5,419.3,1.07,2014-01-20
100000733,100000733,mayport,US,0.5151,10.00,optical_rgb,none,none,obb+hbb,train,coord_match,30.394789,-81.4097,18,1142,815,1,sealand,588.2,419.8,1.07,2014-01-20
100000734,100000734,mayport,US,0.5151,10.00,optical_rgb,none,none,obb+hbb,val,coord_match,30.394789,-81.4097,18,1168,800,1,sealand,601.6,412.1,1.07,2014-01-20
100000735,100000735,mayport,US,0.5151,10.00,optical_rgb,none,none,obb+hbb,test,coord_match,30.394789,-81.4097,18,1117,801,1,sealand,575.4,412.6,1.07,2013-01-23
100000736,100000736,mayport,US,0.5151,10.00,optical_rgb,none,none,obb+hbb,test,coord_match,30.394789,-81.4097,18,1072,809,4,sealand,552.2,416.7,1.07,2013-01-23
100000737,100000737,mayport,US,0.5151,10.00,optical_rgb,none,none,obb+hbb,train,coord_match,30.394789,-81.4097,18,1110,811,2,sealand,571.7,417.7,1.07,2013-01-23
100000738,100000738,mayport,US,0.5151,10.00,optical_rgb,none,none,obb+hbb,val,coord_match,30.394789,-81.4097,18,1058,803,2,sealand,545.0,413.6,1.07,2013-01-23
100000739,100000739,mayport,US,0.5151,10.00,optical_rgb,none,none,obb+hbb,test,coord_match,30.394789,-81.4097,18,1132,818,1,sealand,583.1,421.3,1.07,2013-01-23
100000740,100000740,mayport,US,0.5151,10.00,optical_rgb,none,none,obb+hbb,test,coord_match,30.394789,-81.4097,18,1072,811,1,sealand,552.2,417.7,1.07,2013-01-23
100000741,100000741,mayport,US,0.5151,10.00,optical_rgb,none,none,obb+hbb,train,coord_match,30.394789,-81.4097,18,1157,823,3,sealand,596.0,423.9,1.07,2013-01-23
100000742,100000742,mayport,US,0.5151,10.00,optical_rgb,none,none,obb+hbb,val,coord_match,30.394789,-81.4097,18,1102,782,1,sealand,567.6,402.8,1.07,2013-01-23
100000743,100000743,mayport,US,0.5151,10.00,optical_rgb,none,none,obb+hbb,train,coord_match,30.394789,-81.4097,18,1136,796,1,sealand,585.1,410.0,1.07,2013-01-23
100000744,100000744,mayport,US,0.5151,10.00,optical_rgb,none,none,obb+hbb,val,coord_match,30.394789,-81.4097,18,1148,819,1,sealand,591.3,421.9,1.07,2013-01-23
100000745,100000745,mayport,US,0.5151,10.00,optical_rgb,none,none,obb+hbb,test,coord_match,30.394789,-81.4097,18,1131,784,2,sealand,582.6,403.8,1.07,2013-01-23
100000746,100000746,mayport,US,0.5151,10.00,optical_rgb,none,none,obb+hbb,test,coord_match,30.394789,-81.4097,18,798,652,3,sealand,411.0,335.8,1.07,2011-12-18
100000747,100000747,mayport,US,0.5151,10.00,optical_rgb,none,none,obb+hbb,test,coord_match,30.394789,-81.4097,18,1195,828,5,sealand,615.5,426.5,1.07,2011-12-18
100000748,100000748,mayport,US,0.5151,10.00,optical_rgb,none,none,obb+hbb,train,coord_match,30.394789,-81.4097,18,1162,810,8,sealand,598.5,417.2,1.07,2011-12-18
100000749,100000749,mayport,US,0.5151,10.00,optical_rgb,none,none,obb+hbb,train,coord_match,30.394789,-81.4097,18,1175,815,3,sealand,605.2,419.8,1.07,2011-12-18
100000750,100000750,mayport,US,0.5151,10.00,optical_rgb,none,none,obb+hbb,train,coord_match,30.394789,-81.4097,18,1170,816,3,sealand,602.7,420.3,1.07,2011-12-18
100000751,100000751,mayport,US,0.5151,10.00,optical_rgb,none,none,obb+hbb,test,coord_match,30.394789,-81.4097,18,1153,817,2,sealand,593.9,420.8,1.07,2011-12-18
100000752,100000752,mayport,US,0.5151,10.00,optical_rgb,none,none,obb+hbb,test,coord_match,30.394789,-81.4097,18,1143,813,0,sealand,588.7,418.8,1.07,2011-12-18
100000753,100000753,mayport,US,0.5151,10.00,optical_rgb,none,none,obb+hbb,val,coord_match,30.394789,-81.4097,18,1191,815,5,sealand,613.5,419.8,1.07,2011-12-18
100000754,100000754,mayport,US,0.5151,10.00,optical_rgb,none,none,obb+hbb,train,coord_match,30.394789,-81.4097,18,1100,816,4,sea,566.6,420.3,1.07,2011-12-18
100000755,100000755,mayport,US,0.5151,10.00,optical_rgb,none,none,obb+hbb,train,coord_match,30.394789,-81.4097,18,1172,821,5,sealand,603.7,422.9,1.07,2010-12-31
100000756,100000756,mayport,US,0.5151,10.00,optical_rgb,none,none,obb+hbb,train,coord_match,30.394789,-81.4097,18,1179,809,4,sealand,607.3,416.7,1.07,2010-12-31
100000757,100000757,mayport,US,0.5151,10.00,optical_rgb,none,none,obb+hbb,train,coord_match,30.394789,-81.4097,18,1171,801,4,sealand,603.2,412.6,1.07,2010-12-31
100000758,100000758,mayport,US,0.5151,10.00,optical_rgb,none,none,obb+hbb,train,coord_match,30.394789,-81.4097,18,1106,792,3,sealand,569.7,408.0,1.07,2010-12-31
100000759,100000759,mayport,US,0.5151,10.00,optical_rgb,none,none,obb+hbb,val,coord_match,30.394789,-81.4097,18,813,554,1,sealand,418.8,285.4,1.07,2010-12-31
100000760,100000760,mayport,US,0.5151,10.00,optical_rgb,none,none,obb+hbb,train,coord_match,30.394789,-81.4097,18,1185,821,6,sealand,610.4,422.9,1.07,2010-12-31
100000761,100000761,mayport,US,0.5151,10.00,optical_rgb,none,none,obb+hbb,train,coord_match,30.394789,-81.4097,18,1066,746,1,sealand,549.1,384.3,1.07,2010-12-31
100000762,100000762,mayport,US,0.5151,10.00,optical_rgb,none,none,obb+hbb,train,coord_match,30.394789,-81.4097,18,1095,823,4,sealand,564.0,423.9,1.07,2010-03-31
100000763,100000763,mayport,US,0.5151,10.00,optical_rgb,none,none,obb+hbb,test,coord_match,30.394789,-81.4097,18,1185,847,5,sealand,610.4,436.3,1.07,2010-03-31
100000764,100000764,mayport,US,0.5151,10.00,optical_rgb,none,none,obb+hbb,train,coord_match,30.394789,-81.4097,18,1058,755,3,sealand,545.0,388.9,1.07,2010-03-31
100000765,100000765,mayport,US,0.5151,10.00,optical_rgb,none,none,obb+hbb,val,coord_match,30.394789,-81.4097,18,1038,830,2,sealand,534.7,427.5,1.07,2010-03-31
100000766,100000766,mayport,US,0.5151,10.00,optical_rgb,none,none,obb+hbb,train,coord_match,30.394789,-81.4097,18,1058,816,1,sealand,545.0,420.3,1.07,2010-03-31
100000767,100000767,mayport,US,0.5151,10.00,optical_rgb,none,none,obb+hbb,train,coord_match,30.394789,-81.4097,18,1163,828,1,sealand,599.0,426.5,1.07,2010-03-31
100000768,100000768,mayport,US,0.5151,10.00,optical_rgb,none,none,obb+hbb,train,coord_match,30.394789,-81.4097,18,1100,802,1,sealand,566.6,413.1,1.07,2010-03-31
100000769,100000769,mayport,US,0.5151,10.00,optical_rgb,none,none,obb+hbb,train,coord_match,30.394789,-81.4097,18,1169,830,2,sealand,602.1,427.5,1.07,2010-03-31
100000770,100000770,mayport,US,0.5151,10.00,optical_rgb,none,none,obb+hbb,train,coord_match,30.394789,-81.4097,18,1166,812,1,sealand,600.6,418.3,1.07,2010-03-31
100000771,100000771,mayport,US,0.5151,10.00,optical_rgb,none,none,obb+hbb,test,coord_match,30.394789,-81.4097,18,1159,812,1,sealand,597.0,418.3,1.07,2010-03-31
100000772,100000772,mayport,US,0.5151,10.00,optical_rgb,none,none,obb+hbb,train,coord_match,30.394789,-81.4097,18,1134,795,4,sealand,584.1,409.5,1.07,2008-01-31
100000773,100000773,mayport,US,0.5151,10.00,optical_rgb,none,none,obb+hbb,test,coord_match,30.394789,-81.4097,18,964,826,4,sealand,496.5,425.5,1.07,2008-01-31
100000774,100000774,mayport,US,0.5151,10.00,optical_rgb,none,none,obb+hbb,test,coord_match,30.394789,-81.4097,18,1189,823,4,sealand,612.4,423.9,1.07,2008-01-31
100000775,100000775,mayport,US,0.5151,10.00,optical_rgb,none,none,obb+hbb,val,coord_match,30.394789,-81.4097,18,924,639,2,sea,475.9,329.1,1.07,2008-01-31
100000776,100000776,mayport,US,0.5151,10.00,optical_rgb,none,none,obb+hbb,test,coord_match,30.394789,-81.4097,18,1179,820,3,sealand,607.3,422.4,1.07,2008-01-31
100000777,100000777,mayport,US,0.5151,10.00,optical_rgb,none,none,obb+hbb,train,coord_match,30.394789,-81.4097,18,1187,805,3,sealand,611.4,414.6,1.07,2008-01-31
100000778,100000778,mayport,US,0.5151,10.00,optical_rgb,none,none,obb+hbb,test,coord_match,30.394789,-81.4097,18,1122,794,1,sealand,577.9,409.0,1.07,2008-01-31
100000779,100000779,mayport,US,0.5151,10.00,optical_rgb,none,none,obb+hbb,test,coord_match,30.394789,-81.4097,18,1151,840,3,sealand,592.9,432.7,1.07,2008-01-31
100000780,100000780,mayport,US,0.5151,10.00,optical_rgb,none,none,obb+hbb,val,coord_match,30.394789,-81.4097,18,1134,826,3,sea,584.1,425.5,1.07,2008-01-31
100000781,100000781,mayport,US,0.5151,10.00,optical_rgb,none,none,obb+hbb,val,coord_match,30.394789,-81.4097,18,1160,807,2,sealand,597.5,415.7,1.07,2008-01-31
100000782,100000782,mayport,US,0.5151,10.00,optical_rgb,none,none,obb+hbb,train,coord_match,30.394789,-81.4097,18,1169,818,1,sealand,602.1,421.3,1.07,2008-01-31
100000783,100000783,mayport,US,0.5151,10.00,optical_rgb,none,none,obb+hbb,test,coord_match,30.394789,-81.4097,18,1186,791,1,sealand,610.9,407.4,1.07,2008-01-31
100000784,100000784,mayport,US,0.5151,10.00,optical_rgb,none,none,obb+hbb,val,coord_match,30.394789,-81.4097,18,1116,791,1,sealand,574.8,407.4,1.07,2008-01-31
100000785,100000785,mayport,US,0.5151,10.00,optical_rgb,none,none,obb+hbb,test,coord_match,30.394789,-81.4097,18,1089,803,1,sealand,560.9,413.6,1.07,2008-01-31
100000786,100000786,mayport,US,0.5151,10.00,optical_rgb,none,none,obb+hbb,train,coord_match,30.394789,-81.4097,18,1158,818,5,sealand,596.5,421.3,1.07,2007-11-13
100000787,100000787,mayport,US,0.5151,10.00,optical_rgb,none,none,obb+hbb,train,coord_match,30.394789,-81.4097,18,1194,836,5,sealand,615.0,430.6,1.07,2007-11-13
100000788,100000788,mayport,US,0.5151,10.00,optical_rgb,none,none,obb+hbb,train,coord_match,30.394789,-81.4097,18,1125,755,2,sealand,579.5,388.9,1.07,2007-11-13
100000789,100000789,mayport,US,0.5151,10.00,optical_rgb,none,none,obb+hbb,test,coord_match,30.394789,-81.4097,18,1176,793,2,sealand,605.7,408.5,1.07,2007-11-13
100000790,100000790,mayport,US,0.5151,10.00,optical_rgb,none,none,obb+hbb,test,coord_match,30.394789,-81.4097,18,1165,818,1,sealand,600.1,421.3,1.07,2007-11-13
100000791,100000791,mayport,US,0.5151,10.00,optical_rgb,none,none,obb+hbb,val,coord_match,30.394789,-81.4097,18,913,647,1,sea,470.3,333.3,1.07,2007-11-13
100000792,100000792,mayport,US,0.5151,10.00,optical_rgb,none,none,obb+hbb,test,coord_match,30.394789,-81.4097,18,1169,821,2,sealand,602.1,422.9,1.07,2007-11-13
100000793,100000793,mayport,US,0.5151,10.00,optical_rgb,none,none,obb+hbb,test,coord_match,30.394789,-81.4097,18,980,717,1,sealand,504.8,369.3,1.07,2007-11-13
100000794,100000794,mayport,US,0.5151,10.00,optical_rgb,none,none,obb+hbb,test,coord_match,30.394789,-81.4097,18,1139,742,2,sealand,586.7,382.2,1.07,2007-11-13
100000795,100000795,mayport,US,0.5151,10.00,optical_rgb,none,none,obb+hbb,train,coord_match,30.394789,-81.4097,18,990,773,1,sealand,509.9,398.2,1.07,2007-11-13
100000796,100000796,mayport,US,0.5151,10.00,optical_rgb,none,none,obb+hbb,train,coord_match,30.394789,-81.4097,18,1056,812,1,sealand,543.9,418.3,1.07,2007-11-13
100000797,100000797,mayport,US,0.5151,10.00,optical_rgb,none,none,obb+hbb,train,coord_match,30.394789,-81.4097,18,1042,728,1,sealand,536.7,375.0,1.07,2007-11-13
100000798,100000798,mayport,US,0.5151,10.00,optical_rgb,none,none,obb+hbb,val,coord_match,30.394789,-81.4097,18,1108,809,1,sealand,570.7,416.7,1.07,2007-11-13
100000799,100000799,mayport,US,0.5151,10.00,optical_rgb,none,none,obb+hbb,train,coord_match,30.394789,-81.4097,18,705,593,1,sea,363.1,305.4,1.07,2006-02-01
100000800,100000800,mayport,US,0.5151,10.00,optical_rgb,none,none,obb+hbb,test,coord_match,30.394789,-81.4097,18,952,761,2,sealand,490.4,392.0,1.07,2006-02-01
100000801,100000801,mayport,US,0.5151,10.00,optical_rgb,none,none,obb+hbb,train,coord_match,30.394789,-81.4097,18,1183,811,6,sealand,609.4,417.7,1.07,2006-02-01
100000802,100000802,mayport,US,0.5151,10.00,optical_rgb,none,none,obb+hbb,test,coord_match,30.394789,-81.4097,18,1188,818,4,sealand,611.9,421.3,1.07,2006-02-01
100000803,100000803,mayport,US,0.5151,10.00,optical_rgb,none,none,obb+hbb,test,coord_match,30.394789,-81.4097,18,804,590,1,sealand,414.1,303.9,1.07,2006-02-01
100000804,100000804,mayport,US,0.5151,10.00,optical_rgb,none,none,obb+hbb,test,coord_match,30.394789,-81.4097,18,1172,828,2,sealand,603.7,426.5,1.07,2006-02-01
100000805,100000805,mayport,US,0.5151,10.00,optical_rgb,none,none,obb+hbb,test,coord_match,30.394789,-81.4097,18,1181,816,2,sealand,608.3,420.3,1.07,2006-02-01
100000806,100000806,mayport,US,0.5151,10.00,optical_rgb,none,none,obb+hbb,train,coord_match,30.394789,-81.4097,18,1195,831,4,sealand,615.5,428.0,1.07,2006-02-01
100000807,100000807,mayport,US,0.5151,10.00,optical_rgb,none,none,obb+hbb,test,coord_match,30.394789,-81.4097,18,1104,799,1,sealand,568.7,411.6,1.07,2006-02-01
100000808,100000808,mayport,US,0.5151,10.00,optical_rgb,none,none,obb+hbb,train,coord_match,30.394789,-81.4097,18,1067,790,1,sealand,549.6,406.9,1.07,2006-02-01
100000809,100000809,mayport,US,0.5151,10.00,optical_rgb,none,none,obb+hbb,val,coord_match,30.394789,-81.4097,18,1110,806,1,sealand,571.7,415.2,1.07,2006-02-01
100000810,100000810,mayport,US,0.5151,10.00,optical_rgb,none,none,obb+hbb,train,coord_match,30.394789,-81.4097,18,1150,802,1,sealand,592.4,413.1,1.07,2006-02-01
100000811,100000811,mayport,US,0.5151,10.00,optical_rgb,none,none,obb+hbb,test,coord_match,30.394789,-81.4097,18,1054,730,1,sealand,542.9,376.0,1.07,2006-02-01
100000812,100000812,mayport,US,0.5151,10.00,optical_rgb,none,none,obb+hbb,test,coord_match,30.394789,-81.4097,18,1082,805,1,sealand,557.3,414.6,1.07,2006-02-01
100000813,100000813,mayport,US,0.5151,10.00,optical_rgb,none,none,obb+hbb,train,coord_match,30.394789,-81.4097,18,1148,807,5,sealand,591.3,415.7,1.07,2005-03-31
100000814,100000814,mayport,US,0.5151,10.00,optical_rgb,none,none,obb+hbb,test,coord_match,30.394789,-81.4097,18,995,822,5,sealand,512.5,423.4,1.07,2005-03-31
100000815,100000815,mayport,US,0.5151,10.00,optical_rgb,none,none,obb+hbb,test,coord_match,30.394789,-81.4097,18,1113,801,6,sealand,573.3,412.6,1.07,2005-03-31
100000816,100000816,mayport,US,0.5151,10.00,optical_rgb,none,none,obb+hbb,train,coord_match,30.394789,-81.4097,18,862,791,3,sealand,444.0,407.4,1.07,2005-03-31
100000817,100000817,mayport,US,0.5151,10.00,optical_rgb,none,none,obb+hbb,test,coord_match,30.394789,-81.4097,18,1161,827,3,sealand,598.0,426.0,1.07,2005-03-31
100000818,100000818,mayport,US,0.5151,10.00,optical_rgb,none,none,obb+hbb,train,coord_match,30.394789,-81.4097,18,1155,759,3,sealand,594.9,391.0,1.07,2005-03-31
100000819,100000819,mayport,US,0.5151,10.00,optical_rgb,none,none,obb+hbb,train,coord_match,30.394789,-81.4097,18,799,696,1,sealand,411.6,358.5,1.07,2005-03-31
100000820,100000820,mayport,US,0.5151,10.00,optical_rgb,none,none,obb+hbb,train,coord_match,30.394789,-81.4097,18,1170,833,1,sealand,602.7,429.1,1.07,2005-03-31
100000821,100000821,mayport,US,0.5151,10.00,optical_rgb,none,none,obb+hbb,train,coord_match,30.394789,-81.4097,18,1123,779,1,sealand,578.4,401.3,1.07,2005-03-31
100000822,100000822,mayport,US,0.5151,10.00,optical_rgb,none,none,obb+hbb,train,coord_match,30.394789,-81.4097,18,1099,789,1,sealand,566.1,406.4,1.07,2005-03-31
100000823,100000823,mayport,US,0.5151,10.00,optical_rgb,none,none,obb+hbb,train,coord_match,30.394789,-81.4097,18,1115,816,1,sealand,574.3,420.3,1.07,2005-03-31
100000824,100000824,mayport,US,0.5151,10.00,optical_rgb,none,none,obb+hbb,test,coord_match,30.394789,-81.4097,18,882,739,2,sealand,454.3,380.7,1.07,2004-12-31
100000825,100000825,mayport,US,0.5151,10.00,optical_rgb,none,none,obb+hbb,test,coord_match,30.394789,-81.4097,18,1187,819,5,sealand,611.4,421.9,1.07,2004-12-31
100000826,100000826,mayport,US,0.5151,10.00,optical_rgb,none,none,obb+hbb,test,coord_match,30.394789,-81.4097,18,1129,801,2,sealand,581.5,412.6,1.07,2004-12-31
100000827,100000827,mayport,US,0.5151,10.00,optical_rgb,none,none,obb+hbb,train,coord_match,30.394789,-81.4097,18,1188,814,5,sealand,611.9,419.3,1.07,2004-12-31
100000828,100000828,mayport,US,0.5151,10.00,optical_rgb,none,none,obb+hbb,test,coord_match,30.394789,-81.4097,18,697,654,1,sea,359.0,336.9,1.07,2004-12-31
100000829,100000829,mayport,US,0.5151,10.00,optical_rgb,none,none,obb+hbb,val,coord_match,30.394789,-81.4097,18,1160,824,1,sealand,597.5,424.4,1.07,2004-12-31
100000830,100000830,mayport,US,0.5151,10.00,optical_rgb,none,none,obb+hbb,test,coord_match,30.394789,-81.4097,18,894,703,1,sealand,460.5,362.1,1.07,2004-12-31
100000831,100000831,mayport,US,0.5151,10.00,optical_rgb,none,none,obb+hbb,test,coord_match,30.394789,-81.4097,18,1093,817,1,sealand,563.0,420.8,1.07,2004-12-31
100000832,100000832,mayport,US,0.5151,10.00,optical_rgb,none,none,obb+hbb,test,coord_match,30.394789,-81.4097,18,1132,806,1,sealand,583.1,415.2,1.07,2004-12-31
100000833,100000833,mayport,US,0.5151,10.00,optical_rgb,none,none,obb+hbb,test,coord_match,30.394789,-81.4097,18,1173,818,1,sealand,604.2,421.3,1.07,2004-12-31
100000834,100000834,mayport,US,0.5151,10.00,optical_rgb,none,none,obb+hbb,test,coord_match,30.394789,-81.4097,18,1210,817,7,sealand,623.3,420.8,1.07,2004-01-31
100000835,100000835,mayport,US,0.5151,10.00,optical_rgb,none,none,obb+hbb,test,coord_match,30.394789,-81.4097,18,1168,810,3,sealand,601.6,417.2,1.07,2004-01-31
100000836,100000836,mayport,US,0.5151,10.00,optical_rgb,none,none,obb+hbb,test,coord_match,30.394789,-81.4097,18,1158,806,5,sealand,596.5,415.2,1.07,2004-01-31
100000837,100000837,mayport,US,0.5151,10.00,optical_rgb,none,none,obb+hbb,val,coord_match,30.394789,-81.4097,18,1075,805,2,sealand,553.7,414.6,1.07,2004-01-31
100000838,100000838,mayport,US,0.5151,10.00,optical_rgb,none,none,obb+hbb,train,coord_match,30.394789,-81.4097,18,969,668,1,sealand,499.1,344.1,1.07,2004-01-31
100000839,100000839,mayport,US,0.5151,10.00,optical_rgb,none,none,obb+hbb,train,coord_match,30.394789,-81.4097,18,1171,817,1,sealand,603.2,420.8,1.07,2004-01-31
100000840,100000840,mayport,US,0.5151,10.00,optical_rgb,none,none,obb+hbb,train,coord_match,30.394789,-81.4097,18,1170,813,5,sealand,602.7,418.8,1.07,2004-01-31
100000841,100000841,mayport,US,0.5151,10.00,optical_rgb,none,none,obb+hbb,train,coord_match,30.394789,-81.4097,18,1194,836,2,sealand,615.0,430.6,1.07,2004-01-31
100000842,100000842,mayport,US,0.5151,10.00,optical_rgb,none,none,obb+hbb,test,coord_match,30.394789,-81.4097,18,1167,813,2,sealand,601.1,418.8,1.07,2004-01-31
100000843,100000843,mayport,US,0.5151,10.00,optical_rgb,none,none,obb+hbb,train,coord_match,30.394789,-81.4097,18,1133,769,1,sealand,583.6,396.1,1.07,2004-01-31
100000844,100000844,mayport,US,0.5151,10.00,optical_rgb,none,none,obb+hbb,test,coord_match,30.394789,-81.4097,18,1140,810,2,sealand,587.2,417.2,1.07,2004-01-31
100000845,100000845,mayport,US,0.5151,10.00,optical_rgb,none,none,obb+hbb,test,coord_match,30.394789,-81.4097,18,1057,742,1,sealand,544.4,382.2,1.07,2004-01-31
100000846,100000846,mayport,US,0.5151,10.00,optical_rgb,none,none,obb+hbb,test,coord_match,30.394789,-81.4097,18,623,458,3,sealand,320.9,235.9,1.07,2003-11-05
100000847,100000847,mayport,US,0.5151,10.00,optical_rgb,none,none,obb+hbb,val,coord_match,30.394789,-81.4097,18,1167,827,3,sealand,601.1,426.0,1.07,2003-11-05
100000848,100000848,mayport,US,0.5151,10.00,optical_rgb,none,none,obb+hbb,test,coord_match,30.394789,-81.4097,18,1155,803,7,sealand,594.9,413.6,1.07,2003-11-05
100000849,100000849,mayport,US,0.5151,10.00,optical_rgb,none,none,obb+hbb,test,coord_match,30.394789,-81.4097,18,1169,803,3,sealand,602.1,413.6,1.07,2003-11-05
100000850,100000850,mayport,US,0.5151,10.00,optical_rgb,none,none,obb+hbb,test,coord_match,30.394789,-81.4097,18,1120,811,2,sealand,576.9,417.7,1.07,2003-11-05
100000851,100000851,mayport,US,0.5151,10.00,optical_rgb,none,none,obb+hbb,train,coord_match,30.394789,-81.4097,18,1067,770,1,sealand,549.6,396.6,1.07,2003-11-05
100000852,100000852,mayport,US,0.5151,10.00,optical_rgb,none,none,obb+hbb,train,coord_match,30.394789,-81.4097,18,1174,823,1,sealand,604.7,423.9,1.07,2003-11-05
100000853,100000853,mayport,US,0.5151,10.00,optical_rgb,none,none,obb+hbb,train,coord_match,30.394789,-81.4097,18,1120,807,3,sealand,576.9,415.7,1.07,2003-11-05
100000854,100000854,mayport,US,0.5151,10.00,optical_rgb,none,none,obb+hbb,test,coord_match,30.394789,-81.4097,18,1172,826,3,sealand,603.7,425.5,1.07,2003-11-05
100000855,100000855,mayport,US,0.5151,10.00,optical_rgb,none,none,obb+hbb,test,coord_match,30.394789,-81.4097,18,1059,819,1,sealand,545.5,421.9,1.07,2003-11-05
100000856,100000856,mayport,US,0.5151,10.00,optical_rgb,none,none,obb+hbb,test,coord_match,30.394789,-81.4097,18,1188,833,3,sealand,611.9,429.1,1.07,2003-11-05
100000857,100000857,mayport,US,0.5151,10.00,optical_rgb,none,none,obb+hbb,test,coord_match,30.394789,-81.4097,18,1159,809,1,sealand,597.0,416.7,1.07,2003-11-05
100000858,100000858,mayport,US,0.5151,10.00,optical_rgb,none,none,obb+hbb,test,coord_match,30.394789,-81.4097,18,1187,829,2,sealand,611.4,427.0,1.07,2002-12-31
100000859,100000859,mayport,US,0.5151,10.00,optical_rgb,none,none,obb+hbb,val,coord_match,30.394789,-81.4097,18,1177,821,4,sealand,606.3,422.9,1.07,2002-12-31
100000860,100000860,mayport,US,0.5151,10.00,optical_rgb,none,none,obb+hbb,train,coord_match,30.394789,-81.4097,18,1055,755,5,sealand,543.4,388.9,1.07,2002-12-31
100000861,100000861,mayport,US,0.5151,10.00,optical_rgb,none,none,obb+hbb,train,coord_match,30.394789,-81.4097,18,1165,823,3,sealand,600.1,423.9,1.07,2002-12-31
100000862,100000862,mayport,US,0.5151,10.00,optical_rgb,none,none,obb+hbb,test,coord_match,30.394789,-81.4097,18,1183,845,5,sealand,609.4,435.3,1.07,2002-12-31
100000863,100000863,mayport,US,0.5151,10.00,optical_rgb,none,none,obb+hbb,test,coord_match,30.394789,-81.4097,18,1148,826,4,sealand,591.3,425.5,1.07,2002-12-31
100000864,100000864,mayport,US,0.5151,10.00,optical_rgb,none,none,obb+hbb,val,coord_match,30.394789,-81.4097,18,1111,793,1,sealand,572.3,408.5,1.07,2002-12-31
100000865,100000865,mayport,US,0.5151,10.00,optical_rgb,none,none,obb+hbb,test,coord_match,30.394789,-81.4097,18,1148,794,1,sealand,591.3,409.0,1.07,2002-12-31
100000866,100000866,mayport,US,0.5151,10.00,optical_rgb,none,none,obb+hbb,train,coord_match,30.394789,-81.4097,18,1179,825,2,sealand,607.3,424.9,1.07,2002-12-31
100000867,100000867,mayport,US,0.5151,10.00,optical_rgb,none,none,obb+hbb,test,coord_match,30.394789,-81.4097,18,1179,820,2,sealand,607.3,422.4,1.07,2002-12-31
100000868,100000868,mayport,US,0.5151,10.00,optical_rgb,none,none,obb+hbb,train,coord_match,30.394789,-81.4097,18,1166,804,1,sealand,600.6,414.1,1.07,2002-12-31
100000869,100000869,mayport,US,0.5151,10.00,optical_rgb,none,none,obb+hbb,val,coord_match,30.394789,-81.4097,18,1156,817,1,sealand,595.4,420.8,1.07,2002-12-31
100000870,100000870,mayport,US,0.5151,10.00,optical_rgb,none,none,obb+hbb,train,coord_match,30.394789,-81.4097,18,1177,827,1,sealand,606.3,426.0,1.07,2002-12-31
100000871,100000871,mayport,US,0.5151,10.00,optical_rgb,none,none,obb+hbb,test,coord_match,30.394789,-81.4097,18,790,663,1,sea,406.9,341.5,1.07,2002-12-31
100000872,100000872,norfolk,US,0.4772,10.00,optical_rgb,none,none,obb+hbb,train,coord_match,36.960756,-76.328608,18,1189,835,2,sealand,567.3,398.4,1.07,2014-04-01
100000873,100000873,norfolk,US,0.4772,10.00,optical_rgb,none,none,obb+hbb,test,coord_match,36.960756,-76.328608,18,1174,834,3,sealand,560.2,398.0,1.07,2014-04-01
100000874,100000874,norfolk,US,0.4772,10.00,optical_rgb,none,none,obb+hbb,train,coord_match,36.960756,-76.328608,18,1144,820,1,sea,545.9,391.3,1.07,2014-04-01
100000875,100000875,norfolk,US,0.4772,10.00,optical_rgb,none,none,obb+hbb,val,coord_match,36.960756,-76.328608,18,1183,836,4,sealand,564.5,398.9,1.07,2014-04-01
100000876,100000876,norfolk,US,0.4772,10.00,optical_rgb,none,none,obb+hbb,test,coord_match,36.960756,-76.328608,18,718,514,1,sea,342.6,245.3,1.07,2014-04-01
100000877,100000877,norfolk,US,0.4772,10.00,optical_rgb,none,none,obb+hbb,train,coord_match,36.960756,-76.328608,18,892,669,1,sea,425.6,319.2,1.07,2014-04-01
100000878,100000878,norfolk,US,0.4772,10.00,optical_rgb,none,none,obb+hbb,val,coord_match,36.960756,-76.328608,18,947,677,1,sea,451.9,323.0,1.07,2014-04-01
100000879,100000879,norfolk,US,0.4772,10.00,optical_rgb,none,none,obb+hbb,train,coord_match,36.960756,-76.328608,18,1025,775,1,sea,489.1,369.8,1.07,2014-04-01
100000880,100000880,norfolk,US,0.4772,10.00,optical_rgb,none,none,obb+hbb,train,coord_match,36.960756,-76.328608,18,1113,800,1,sea,531.1,381.7,1.07,2014-04-01
100000881,100000881,norfolk,US,0.4772,10.00,optical_rgb,none,none,obb+hbb,test,coord_match,36.960756,-76.328608,18,1190,825,1,sealand,567.8,393.7,1.07,2014-04-01
100000882,100000882,norfolk,US,0.4772,10.00,optical_rgb,none,none,obb+hbb,train,coord_match,36.960756,-76.328608,18,1192,833,2,sealand,568.8,397.5,1.07,2014-04-01
100000883,100000883,norfolk,US,0.4772,10.00,optical_rgb,none,none,obb+hbb,train,coord_match,36.960756,-76.328608,18,586,527,6,sealand,279.6,251.5,1.07,2014-04-01
100000884,100000884,norfolk,US,0.4772,10.00,optical_rgb,none,none,obb+hbb,train,coord_match,36.960756,-76.328608,18,1187,795,2,sealand,566.4,379.3,1.07,2014-04-01
100000885,100000885,norfolk,US,0.4772,10.00,optical_rgb,none,none,obb+hbb,val,coord_match,36.960756,-76.328608,18,1178,829,6,sealand,562.1,395.6,1.07,2014-04-01
100000886,100000886,norfolk,US,0.4772,10.00,optical_rgb,none,none,obb+hbb,train,coord_match,36.960756,-76.328608,18,1179,819,4,sealand,562.6,390.8,1.07,2014-04-01
100000887,100000887,norfolk,US,0.4772,10.00,optical_rgb,none,none,obb+hbb,train,coord_match,36.960756,-76.328608,18,1164,819,5,sealand,555.4,390.8,1.07,2014-04-01
100000888,100000888,norfolk,US,0.4772,10.00,optical_rgb,none,none,obb+hbb,train,coord_match,36.960756,-76.328608,18,1186,828,4,sealand,565.9,395.1,1.07,2014-04-01
100000889,100000889,norfolk,US,0.4772,10.00,optical_rgb,none,none,obb+hbb,test,coord_match,36.960756,-76.328608,18,829,670,3,sealand,395.6,319.7,1.07,2014-04-01
100000890,100000890,norfolk,US,0.4772,10.00,optical_rgb,none,none,obb+hbb,test,coord_match,36.960756,-76.328608,18,1187,815,5,sealand,566.4,388.9,1.07,2014-04-01
100000891,100000891,norfolk,US,0.4772,10.00,optical_rgb,none,none,obb+hbb,train,coord_match,36.960756,-76.328608,18,1163,816,2,sealand,554.9,389.4,1.07,2014-04-01
100000892,100000892,norfolk,US,0.4772,10.00,optical_rgb,none,none,obb+hbb,test,coord_match,36.960756,-76.328608,18,1136,819,3,sealand,542.1,390.8,1.07,2014-04-01
100000893,100000893,norfolk,US,0.4772,10.00,optical_rgb,none,none,obb+hbb,val,coord_match,36.960756,-76.328608,18,1028,779,1,sea,490.5,371.7,1.07,2014-04-01
100000894,100000894,norfolk,US,0.4772,10.00,optical_rgb,none,none,obb+hbb,test,coord_match,36.960756,-76.328608,18,1174,820,1,sealand,560.2,391.3,1.07,2014-04-01
100000895,100000895,norfolk,US,0.4772,10.00,optical_rgb,none,none,obb+hbb,train,coord_match,36.960756,-76.328608,18,1169,819,1,sealand,557.8,390.8,1.07,2014-04-01
100000896,100000896,norfolk,US,0.4772,10.00,optical_rgb,none,none,obb+hbb,train,coord_match,36.960756,-76.328608,18,1165,829,3,sealand,555.9,395.6,1.07,2014-04-01
100000897,100000897,norfolk,US,0.4772,10.00,optical_rgb,none,none,obb+hbb,train,coord_match,36.960756,-76.328608,18,946,734,1,sealand,451.4,350.2,1.07,2014-04-01
100000898,100000898,norfolk,US,0.4772,10.00,optical_rgb,none,none,obb+hbb,test,coord_match,36.960756,-76.328608,18,1178,813,2,sealand,562.1,387.9,1.07,2014-04-01
100000899,100000899,norfolk,US,0.4772,10.00,optical_rgb,none,none,obb+hbb,train,coord_match,36.960756,-76.328608,18,1170,823,3,sealand,558.3,392.7,1.07,2014-04-01
100000900,100000900,norfolk,US,0.4772,10.00,optical_rgb,none,none,obb+hbb,train,coord_match,36.960756,-76.328608,18,1180,828,2,sealand,563.1,395.1,1.07,2014-04-01
100000901,100000901,norfolk,US,0.4772,10.00,optical_rgb,none,none,obb+hbb,train,coord_match,36.960756,-76.328608,18,481,411,1,sea,229.5,196.1,1.07,2014-04-01
100000902,100000902,norfolk,US,0.4772,10.00,optical_rgb,none,none,obb+hbb,train,coord_match,36.960756,-76.328608,18,1001,681,1,sealand,477.6,324.9,1.07,2014-04-01
100000903,100000903,norfolk,US,0.4772,10.00,optical_rgb,none,none,obb+hbb,val,coord_match,36.960756,-76.328608,18,1094,735,1,sealand,522.0,350.7,1.07,2014-04-01
100000904,100000904,norfolk,US,0.4772,10.00,optical_rgb,none,none,obb+hbb,test,coord_match,36.960756,-76.328608,18,1029,809,1,sealand,491.0,386.0,1.07,2014-04-01
100000905,100000905,norfolk,US,0.4772,10.00,optical_rgb,none,none,obb+hbb,val,coord_match,36.960756,-76.328608,18,1025,718,1,sealand,489.1,342.6,1.07,2014-04-01
100000906,100000906,norfolk,US,0.4772,10.00,optical_rgb,none,none,obb+hbb,train,coord_match,36.960756,-76.328608,18,1188,832,1,sealand,566.9,397.0,1.07,2011-09-01
100000907,100000907,norfolk,US,0.4772,10.00,optical_rgb,none,none,obb+hbb,test,coord_match,36.960756,-76.328608,18,1124,806,3,sealand,536.3,384.6,1.07,2011-09-01
100000908,100000908,norfolk,US,0.4772,10.00,optical_rgb,none,none,obb+hbb,test,coord_match,36.960756,-76.328608,18,1158,831,0,sealand,552.6,396.5,1.07,2011-09-01
100000909,100000909,norfolk,US,0.4772,10.00,optical_rgb,none,none,obb+hbb,test,coord_match,36.960756,-76.328608,18,1177,808,3,sealand,561.6,385.5,1.07,2011-09-01
100000910,100000910,norfolk,US,0.4772,10.00,optical_rgb,none,none,obb+hbb,val,coord_match,36.960756,-76.328608,18,1067,800,2,sealand,509.1,381.7,1.07,2011-09-01
100000911,100000911,norfolk,US,0.4772,10.00,optical_rgb,none,none,obb+hbb,train,coord_match,36.960756,-76.328608,18,1158,819,2,sealand,552.6,390.8,1.07,2011-09-01
100000912,100000912,norfolk,US,0.4772,10.00,optical_rgb,none,none,obb+hbb,test,coord_match,36.960756,-76.328608,18,1204,830,7,sealand,574.5,396.0,1.07,2011-09-01
100000913,100000913,norfolk,US,0.4772,10.00,optical_rgb,none,none,obb+hbb,test,coord_match,36.960756,-76.328608,18,742,827,2,sealand,354.1,394.6,1.07,2011-09-01
100000914,100000914,norfolk,US,0.4772,10.00,optical_rgb,none,none,obb+hbb,test,coord_match,36.960756,-76.328608,18,1190,836,10,sealand,567.8,398.9,1.07,2011-09-01
100000915,100000915,norfolk,US,0.4772,10.00,optical_rgb,none,none,obb+hbb,train,coord_match,36.960756,-76.328608,18,1179,829,5,sealand,562.6,395.6,1.07,2011-09-01
100000916,100000916,norfolk,US,0.4772,10.00,optical_rgb,none,none,obb+hbb,train,coord_match,36.960756,-76.328608,18,1136,771,1,sealand,542.1,367.9,1.07,2011-09-01
100000917,100000917,norfolk,US,0.4772,10.00,optical_rgb,none,none,obb+hbb,train,coord_match,36.960756,-76.328608,18,1189,829,1,sealand,567.3,395.6,1.07,2011-09-01
100000918,100000918,norfolk,US,0.4772,10.00,optical_rgb,none,none,obb+hbb,train,coord_match,36.960756,-76.328608,18,783,621,1,sea,373.6,296.3,1.07,2011-09-01
100000919,100000919,norfolk,US,0.4772,10.00,optical_rgb,none,none,obb+hbb,test,coord_match,36.960756,-76.328608,18,1140,811,1,sealand,544.0,387.0,1.07,2011-09-01
100000920,100000920,norfolk,US,0.4772,10.00,optical_rgb,none,none,obb+hbb,test,coord_match,36.960756,-76.328608,18,1187,823,2,sealand,566.4,392.7,1.07,2011-09-01
100000921,100000921,norfolk,US,0.4772,10.00,optical_rgb,none,none,obb+hbb,train,coord_match,36.960756,-76.328608,18,1159,804,3,sealand,553.0,383.6,1.07,2011-09-01
100000922,100000922,norfolk,US,0.4772,10.00,optical_rgb,none,none,obb+hbb,train,coord_match,36.960756,-76.328608,18,1164,815,2,sealand,555.4,388.9,1.07,2011-09-01
100000923,100000923,norfolk,US,0.4772,10.00,optical_rgb,none,none,obb+hbb,train,coord_match,36.960756,-76.328608,18,1170,815,1,sealand,558.3,388.9,1.07,2011-09-01
100000924,100000924,norfolk,US,0.4772,10.00,optical_rgb,none,none,obb+hbb,val,coord_match,36.960756,-76.328608,18,1132,772,1,sealand,540.1,368.4,1.07,2011-09-01
100000925,100000925,norfolk,US,0.4772,10.00,optical_rgb,none,none,obb+hbb,test,coord_match,36.960756,-76.328608,18,1105,800,2,sealand,527.3,381.7,1.07,2011-09-01
100000926,100000926,norfolk,US,0.4772,10.00,optical_rgb,none,none,obb+hbb,train,coord_match,36.960756,-76.328608,18,705,681,2,sealand,336.4,324.9,1.07,2011-09-01
100000927,100000927,norfolk,US,0.4772,10.00,optical_rgb,none,none,obb+hbb,test,coord_match,36.960756,-76.328608,18,1173,819,4,sealand,559.7,390.8,1.07,2011-09-01
100000928,100000928,norfolk,US,0.4772,10.00,optical_rgb,none,none,obb+hbb,val,coord_match,36.960756,-76.328608,18,1101,829,2,sealand,525.4,395.6,1.07,2011-09-01
100000929,100000929,norfolk,US,0.4772,10.00,optical_rgb,none,none,obb+hbb,test,coord_match,36.960756,-76.328608,18,754,621,1,sealand,359.8,296.3,1.07,2011-09-01
100000930,100000930,norfolk,US,0.4772,10.00,optical_rgb,none,none,obb+hbb,train,coord_match,36.960756,-76.328608,18,1089,796,1,sealand,519.6,379.8,1.07,2011-08-01
100000931,100000931,norfolk,US,0.4772,10.00,optical_rgb,none,none,obb+hbb,test,coord_match,36.960756,-76.328608,18,1115,803,3,sealand,532.0,383.2,1.07,2011-08-01
100000932,100000932,norfolk,US,0.4772,10.00,optical_rgb,none,none,obb+hbb,train,coord_match,36.960756,-76.328608,18,1144,826,4,sealand,545.9,394.1,1.07,2011-08-01
100000933,100000933,norfolk,US,0.4772,10.00,optical_rgb,none,none,obb+hbb,train,coord_match,36.960756,-76.328608,18,1157,833,4,sealand,552.1,397.5,1.07,2011-08-01
100000934,100000934,norfolk,US,0.4772,10.00,optical_rgb,none,none,obb+hbb,test,coord_match,36.960756,-76.328608,18,1167,820,1,sealand,556.8,391.3,1.07,2011-08-01
100000935,100000935,norfolk,US,0.4772,10.00,optical_rgb,none,none,obb+hbb,train,coord_match,36.960756,-76.328608,18,1179,840,1,sealand,562.6,400.8,1.07,2011-08-01
100000936,100000936,norfolk,US,0.4772,10.00,optical_rgb,none,none,obb+hbb,train,coord_match,36.960756,-76.328608,18,1051,735,2,sealand,501.5,350.7,1.07,2011-08-01
100000937,100000937,norfolk,US,0.4772,10.00,optical_rgb,none,none,obb+hbb,train,coord_match,36.960756,-76.328608,18,1098,743,2,sealand,523.9,354.5,1.07,2011-08-01
100000938,100000938,norfolk,US,0.4772,10.00,optical_rgb,none,none,obb+hbb,test,coord_match,36.960756,-76.328608,18,1181,821,3,sealand,563.5,391.8,1.07,2011-08-01
100000939,100000939,norfolk,US,0.4772,10.00,optical_rgb,none,none,obb+hbb,test,coord_match,36.960756,-76.328608,18,1069,791,3,sealand,510.1,377.4,1.07,2011-08-01
100000940,100000940,norfolk,US,0.4772,10.00,optical_rgb,none,none,obb+hbb,train,coord_match,36.960756,-76.328608,18,1137,815,1,sealand,542.5,388.9,1.07,2011-08-01
100000941,100000941,norfolk,US,0.4772,10.00,optical_rgb,none,none,obb+hbb,train,coord_match,36.960756,-76.328608,18,1152,826,3,sealand,549.7,394.1,1.07,2011-05-01
100000942,100000942,norfolk,US,0.4772,10.00,optical_rgb,none,none,obb+hbb,test,coord_match,36.960756,-76.328608,18,1147,801,1,sealand,547.3,382.2,1.07,2011-05-01
100000943,100000943,norfolk,US,0.4772,10.00,optical_rgb,none,none,obb+hbb,train,coord_match,36.960756,-76.328608,18,1076,759,2,sealand,513.4,362.2,1.07,2011-05-01
100000944,100000944,norfolk,US,0.4772,10.00,optical_rgb,none,none,obb+hbb,train,coord_match,36.960756,-76.328608,18,1170,825,2,sealand,558.3,393.7,1.07,2011-05-01
100000945,100000945,norfolk,US,0.4772,10.00,optical_rgb,none,none,obb+hbb,test,coord_match,36.960756,-76.328608,18,868,739,1,sea,414.2,352.6,1.07,2011-05-01
100000946,100000946,norfolk,US,0.4772,10.00,optical_rgb,none,none,obb+hbb,test,coord_match,36.960756,-76.328608,18,766,623,1,sea,365.5,297.3,1.07,2011-05-01
100000947,100000947,norfolk,US,0.4772,10.00,optical_rgb,none,none,obb+hbb,train,coord_match,36.960756,-76.328608,18,969,784,1,sea,462.4,374.1,1.07,2011-05-01
100000948,100000948,norfolk,US,0.4772,10.00,optical_rgb,none,none,obb+hbb,val,coord_match,36.960756,-76.328608,18,754,658,1,sea,359.8,314.0,1.07,2011-05-01
100000949,100000949,norfolk,US,0.4772,10.00,optical_rgb,none,none,obb+hbb,val,coord_match,36.960756,-76.328608,18,1178,826,1,sealand,562.1,394.1,1.07,2011-05-01
100000950,100000950,norfolk,US,0.4772,10.00,optical_rgb,none,none,obb+hbb,test,coord_match,36.960756,-76.328608,18,861,769,5,sealand,410.8,366.9,1.07,2011-05-01
100000951,100000951,norfolk,US,0.4772,10.00,optical_rgb,none,none,obb+hbb,test,coord_match,36.960756,-76.328608,18,1157,815,3,sealand,552.1,388.9,1.07,2011-05-01
100000952,100000952,norfolk,US,0.4772,10.00,optical_rgb,none,none,obb+hbb,test,coord_match,36.960756,-76.328608,18,1138,784,2,sealand,543.0,374.1,1.07,2011-05-01
100000953,100000953,norfolk,US,0.4772,10.00,optical_rgb,none,none,obb+hbb,val,coord_match,36.960756,-76.328608,18,1176,824,4,sealand,561.1,393.2,1.07,2011-05-01
100000954,100000954,norfolk,US,0.4772,10.00,optical_rgb,none,none,obb+hbb,test,coord_match,36.960756,-76.328608,18,1180,826,5,sealand,563.1,394.1,1.07,2011-05-01
100000955,100000955,norfolk,US,0.4772,10.00,optical_rgb,none,none,obb+hbb,train,coord_match,36.960756,-76.328608,18,1125,772,2,sealand,536.8,368.4,1.07,2011-05-01
100000956,100000956,norfolk,US,0.4772,10.00,optical_rgb,none,none,obb+hbb,train,coord_match,36.960756,-76.328608,18,1183,837,2,sealand,564.5,399.4,1.07,2011-05-01
100000957,100000957,norfolk,US,0.4772,10.00,optical_rgb,none,none,obb+hbb,test,coord_match,36.960756,-76.328608,18,1039,799,1,sealand,495.8,381.3,1.07,2011-05-01
100000958,100000958,norfolk,US,0.4772,10.00,optical_rgb,none,none,obb+hbb,val,coord_match,36.960756,-76.328608,18,907,664,2,sea,432.8,316.8,1.07,2011-05-01
100000959,100000959,norfolk,US,0.4772,10.00,optical_rgb,none,none,obb+hbb,test,coord_match,36.960756,-76.328608,18,1188,826,2,sealand,566.9,394.1,1.07,2011-05-01
100000960,100000960,norfolk,US,0.4772,10.00,optical_rgb,none,none,obb+hbb,train,coord_match,36.960756,-76.328608,18,923,687,3,sealand,440.4,327.8,1.07,2011-05-01
100000961,100000961,norfolk,US,0.4772,10.00,optical_rgb,none,none,obb+hbb,val,coord_match,36.960756,-76.328608,18,1143,801,1,sealand,545.4,382.2,1.07,2011-05-01
100000962,100000962,norfolk,US,0.4772,10.00,optical_rgb,none,none,obb+hbb,train,coord_match,36.960756,-76.328608,18,1172,830,3,sealand,559.2,396.0,1.07,2011-05-01
100000963,100000963,norfolk,US,0.4772,10.00,optical_rgb,none,none,obb+hbb,train,coord_match,36.960756,-76.328608,18,1162,802,3,sealand,554.5,382.7,1.07,2011-05-01
100000964,100000964,norfolk,US,0.4772,10.00,optical_rgb,none,none,obb+hbb,train,coord_match,36.960756,-76.328608,18,1168,819,1,sealand,557.3,390.8,1.07,2011-05-01
100000965,100000965,norfolk,US,0.4772,10.00,optical_rgb,none,none,obb+hbb,test,coord_match,36.960756,-76.328608,18,916,737,2,sealand,437.1,351.7,1.07,2011-05-01
100000966,100000966,norfolk,US,0.4772,10.00,optical_rgb,none,none,obb+hbb,val,coord_match,36.960756,-76.328608,18,1176,833,5,sealand,561.1,397.5,1.07,2011-05-01
100000967,100000967,norfolk,US,0.4772,10.00,optical_rgb,none,none,obb+hbb,test,coord_match,36.960756,-76.328608,18,1178,815,3,sealand,562.1,388.9,1.07,2011-05-01
100000968,100000968,norfolk,US,0.4772,10.00,optical_rgb,none,none,obb+hbb,val,coord_match,36.960756,-76.328608,18,1161,814,1,sealand,554.0,388.4,1.07,2011-05-01
100000969,100000969,norfolk,US,0.4772,10.00,optical_rgb,none,none,obb+hbb,train,coord_match,36.960756,-76.328608,18,1168,815,3,sealand,557.3,388.9,1.07,2011-05-01
100000970,100000970,norfolk,US,0.4772,10.00,optical_rgb,none,none,obb+hbb,test,coord_match,36.960756,-76.328608,18,1183,830,4,sealand,564.5,396.0,1.07,2011-05-01
100000971,100000971,norfolk,US,0.4772,10.00,optical_rgb,none,none,obb+hbb,test,coord_match,36.960756,-76.328608,18,1112,821,1,sealand,530.6,391.8,1.07,2010-04-01
100000972,100000972,norfolk,US,0.4772,10.00,optical_rgb,none,none,obb+hbb,val,coord_match,36.960756,-76.328608,18,1155,815,2,sealand,551.1,388.9,1.07,2010-04-01
100000973,100000973,norfolk,US,0.4772,10.00,optical_rgb,none,none,obb+hbb,train,coord_match,36.960756,-76.328608,18,1178,824,5,sealand,562.1,393.2,1.07,2010-04-01
100000974,100000974,norfolk,US,0.4772,10.00,optical_rgb,none,none,obb+hbb,train,coord_match,36.960756,-76.328608,18,826,653,1,sea,394.1,311.6,1.07,2010-04-01
100000975,100000975,norfolk,US,0.4772,10.00,optical_rgb,none,none,obb+hbb,test,coord_match,36.960756,-76.328608,18,870,650,1,sea,415.1,310.2,1.07,2010-04-01
100000976,100000976,norfolk,US,0.4772,10.00,optical_rgb,none,none,obb+hbb,train,coord_match,36.960756,-76.328608,18,886,712,2,sea,422.8,339.7,1.07,2010-04-01
100000977,100000977,norfolk,US,0.4772,10.00,optical_rgb,none,none,obb+hbb,train,coord_match,36.960756,-76.328608,18,972,762,1,sea,463.8,363.6,1.07,2010-04-01
100000978,100000978,norfolk,US,0.4772,10.00,optical_rgb,none,none,obb+hbb,val,coord_match,36.960756,-76.328608,18,1155,821,2,sealand,551.1,391.8,1.07,2010-04-01
100000979,100000979,norfolk,US,0.4772,10.00,optical_rgb,none,none,obb+hbb,train,coord_match,36.960756,-76.328608,18,1160,819,2,sealand,553.5,390.8,1.07,2010-04-01
100000980,100000980,norfolk,US,0.4772,10.00,optical_rgb,none,none,obb+hbb,train,coord_match,36.960756,-76.328608,18,1193,831,4,sealand,569.3,396.5,1.07,2010-04-01
100000981,100000981,norfolk,US,0.4772,10.00,optical_rgb,none,none,obb+hbb,val,coord_match,36.960756,-76.328608,18,1177,823,4,sealand,561.6,392.7,1.07,2010-04-01
100000982,100000982,norfolk,US,0.4772,10.00,optical_rgb,none,none,obb+hbb,train,coord_match,36.960756,-76.328608,18,1154,830,3,sealand,550.6,396.0,1.07,2010-04-01
100000983,100000983,norfolk,US,0.4772,10.00,optical_rgb,none,none,obb+hbb,test,coord_match,36.960756,-76.328608,18,1033,693,3,sealand,492.9,330.7,1.07,2010-04-01
100000984,100000984,norfolk,US,0.4772,10.00,optical_rgb,none,none,obb+hbb,test,coord_match,36.960756,-76.328608,18,1116,776,4,sealand,532.5,370.3,1.07,2010-04-01
100000985,100000985,norfolk,US,0.4772,10.00,optical_rgb,none,none,obb+hbb,train,coord_match,36.960756,-76.328608,18,1035,828,3,sealand,493.9,395.1,1.07,2010-04-01
100000986,100000986,norfolk,US,0.4772,10.00,optical_rgb,none,none,obb+hbb,train,coord_match,36.960756,-76.328608,18,1180,811,1,sealand,563.1,387.0,1.07,2010-04-01
100000987,100000987,norfolk,US,0.4772,10.00,optical_rgb,none,none,obb+hbb,train,coord_match,36.960756,-76.328608,18,1174,829,1,sealand,560.2,395.6,1.07,2010-04-01
100000988,100000988,norfolk,US,0.4772,10.00,optical_rgb,none,none,obb+hbb,train,coord_match,36.960756,-76.328608,18,733,652,1,sea,349.8,311.1,1.07,2010-04-01
100000989,100000989,norfolk,US,0.4772,10.00,optical_rgb,none,none,obb+hbb,test,coord_match,36.960756,-76.328608,18,810,668,1,sea,386.5,318.7,1.07,2010-04-01
100000990,100000990,norfolk,US,0.4772,10.00,optical_rgb,none,none,obb+hbb,train,coord_match,36.960756,-76.328608,18,1162,809,1,sealand,554.5,386.0,1.07,2010-04-01
100000991,100000991,norfolk,US,0.4772,10.00,optical_rgb,none,none,obb+hbb,test,coord_match,36.960756,-76.328608,18,1172,820,1,sealand,559.2,391.3,1.07,2010-04-01
100000992,100000992,norfolk,US,0.4772,10.00,optical_rgb,none,none,obb+hbb,train,coord_match,36.960756,-76.328608,18,1154,814,4,sealand,550.6,388.4,1.07,2010-04-01
100000993,100000993,norfolk,US,0.4772,10.00,optical_rgb,none,none,obb+hbb,train,coord_match,36.960756,-76.328608,18,1157,821,3,sealand,552.1,391.8,1.07,2010-04-01
100000994,100000994,norfolk,US,0.4772,10.00,optical_rgb,none,none,obb+hbb,train,coord_match,36.960756,-76.328608,18,1057,784,1,sealand,504.4,374.1,1.07,2010-04-01
100000995,100000995,norfolk,US,0.4772,10.00,optical_rgb,none,none,obb+hbb,train,coord_match,36.960756,-76.328608,18,1148,812,2,sealand,547.8,387.5,1.07,2010-04-01
100000996,100000996,norfolk,US,0.4772,10.00,optical_rgb,none,none,obb+hbb,test,coord_match,36.960756,-76.328608,18,1112,809,1,sealand,530.6,386.0,1.07,2010-04-01
100000997,100000997,norfolk,US,0.4772,10.00,optical_rgb,none,none,obb+hbb,train,coord_match,36.960756,-76.328608,18,894,789,1,sealand,426.6,376.5,1.07,2010-04-01
100000998,100000998,norfolk,US,0.4772,10.00,optical_rgb,none,none,obb+hbb,val,coord_match,36.960756,-76.328608,18,1146,813,2,sealand,546.8,387.9,1.07,2010-04-01
100000999,100000999,norfolk,US,0.4772,10.00,optical_rgb,none,none,obb+hbb,test,coord_match,36.960756,-76.328608,18,1169,822,4,sealand,557.8,392.2,1.07,2010-04-01
100001000,100001000,norfolk,US,0.4772,10.00,optical_rgb,none,none,obb+hbb,test,coord_match,36.960756,-76.328608,18,1112,798,1,sealand,530.6,380.8,1.07,2010-04-01
100001001,100001001,norfolk,US,0.4772,10.00,optical_rgb,none,none,obb+hbb,val,coord_match,36.960756,-76.328608,18,1191,813,3,sealand,568.3,387.9,1.07,2010-04-01
100001002,100001002,norfolk,US,0.4772,10.00,optical_rgb,none,none,obb+hbb,val,coord_match,36.960756,-76.328608,18,1166,808,2,sealand,556.4,385.5,1.07,2010-04-01
100001003,100001003,norfolk,US,0.4772,10.00,optical_rgb,none,none,obb+hbb,train,coord_match,36.960756,-76.328608,18,1162,824,2,sealand,554.5,393.2,1.07,2010-04-01
100001004,100001004,norfolk,US,0.4772,10.00,optical_rgb,none,none,obb+hbb,test,coord_match,36.960756,-76.328608,18,1183,808,2,sealand,564.5,385.5,1.07,2010-04-01
100001005,100001005,norfolk,US,0.4772,10.00,optical_rgb,none,none,obb+hbb,test,coord_match,36.960756,-76.328608,18,1166,817,7,sealand,556.4,389.8,1.07,2010-04-01
100001006,100001006,norfolk,US,0.4772,10.00,optical_rgb,none,none,obb+hbb,test,coord_match,36.960756,-76.328608,18,1141,770,1,sealand,544.4,367.4,1.07,2008-10-01
100001007,100001007,norfolk,US,0.4772,10.00,optical_rgb,none,none,obb+hbb,train,coord_match,36.960756,-76.328608,18,1191,827,2,sealand,568.3,394.6,1.07,2008-10-01
100001008,100001008,norfolk,US,0.4772,10.00,optical_rgb,none,none,obb+hbb,train,coord_match,36.960756,-76.328608,18,1185,831,2,sealand,565.4,396.5,1.07,2008-10-01
100001009,100001009,norfolk,US,0.4772,10.00,optical_rgb,none,none,obb+hbb,train,coord_match,36.960756,-76.328608,18,1042,779,2,sealand,497.2,371.7,1.07,2008-10-01
100001010,100001010,norfolk,US,0.4772,10.00,optical_rgb,none,none,obb+hbb,test,coord_match,36.960756,-76.328608,18,1176,840,5,sealand,561.1,400.8,1.07,2008-10-01
100001011,100001011,norfolk,US,0.4772,10.00,optical_rgb,none,none,obb+hbb,test,coord_match,36.960756,-76.328608,18,1062,804,1,sea,506.7,383.6,1.07,2008-10-01
100001012,100001012,norfolk,US,0.4772,10.00,optical_rgb,none,none,obb+hbb,train,coord_match,36.960756,-76.328608,18,1145,820,1,sea,546.4,391.3,1.07,2008-10-01
100001013,100001013,norfolk,US,0.4772,10.00,optical_rgb,none,none,obb+hbb,test,coord_match,36.960756,-76.328608,18,1181,828,2,sealand,563.5,395.1,1.07,2008-10-01
100001014,100001014,norfolk,US,0.4772,10.00,optical_rgb,none,none,obb+hbb,test,coord_match,36.960756,-76.328608,18,1177,817,2,sealand,561.6,389.8,1.07,2008-10-01
100001015,100001015,norfolk,US,0.4772,10.00,optical_rgb,none,none,obb+hbb,train,coord_match,36.960756,-76.328608,18,1182,824,3,sealand,564.0,393.2,1.07,2008-10-01
100001016,100001016,norfolk,US,0.4772,10.00,optical_rgb,none,none,obb+hbb,train,coord_match,36.960756,-76.328608,18,1193,836,7,sealand,569.3,398.9,1.07,2008-10-01
100001017,100001017,norfolk,US,0.4772,10.00,optical_rgb,none,none,obb+hbb,test,coord_match,36.960756,-76.328608,18,1186,814,3,sealand,565.9,388.4,1.07,2008-10-01
100001018,100001018,norfolk,US,0.4772,10.00,optical_rgb,none,none,obb+hbb,test,coord_match,36.960756,-76.328608,18,1177,813,6,sealand,561.6,387.9,1.07,2008-10-01
100001019,100001019,norfolk,US,0.4772,10.00,optical_rgb,none,none,obb+hbb,val,coord_match,36.960756,-76.328608,18,1127,788,2,sealand,537.8,376.0,1.07,2008-10-01
100001020,100001020,norfolk,US,0.4772,10.00,optical_rgb,none,none,obb+hbb,train,coord_match,36.960756,-76.328608,18,1160,829,1,sealand,553.5,395.6,1.07,2008-10-01
100001021,100001021,norfolk,US,0.4772,10.00,optical_rgb,none,none,obb+hbb,val,coord_match,36.960756,-76.328608,18,1141,793,1,sealand,544.4,378.4,1.07,2008-10-01
100001022,100001022,norfolk,US,0.4772,10.00,optical_rgb,none,none,obb+hbb,test,coord_match,36.960756,-76.328608,18,1164,816,1,sealand,555.4,389.4,1.07,2008-10-01
100001023,100001023,norfolk,US,0.4772,10.00,optical_rgb,none,none,obb+hbb,train,coord_match,36.960756,-76.328608,18,1158,824,1,sea,552.6,393.2,1.07,2008-10-01
100001024,100001024,norfolk,US,0.4772,10.00,optical_rgb,none,none,obb+hbb,train,coord_match,36.960756,-76.328608,18,986,749,1,sealand,470.5,357.4,1.07,2008-10-01
100001025,100001025,norfolk,US,0.4772,10.00,optical_rgb,none,none,obb+hbb,train,coord_match,36.960756,-76.328608,18,1061,782,3,sealand,506.3,373.1,1.07,2008-10-01
100001026,100001026,norfolk,US,0.4772,10.00,optical_rgb,none,none,obb+hbb,train,coord_match,36.960756,-76.328608,18,1193,827,2,sealand,569.3,394.6,1.07,2008-10-01
100001027,100001027,norfolk,US,0.4772,10.00,optical_rgb,none,none,obb+hbb,val,coord_match,36.960756,-76.328608,18,1172,816,3,sealand,559.2,389.4,1.07,2008-10-01
100001028,100001028,norfolk,US,0.4772,10.00,optical_rgb,none,none,obb+hbb,train,coord_match,36.960756,-76.328608,18,1165,811,1,sealand,555.9,387.0,1.07,2008-10-01
100001029,100001029,norfolk,US,0.4772,10.00,optical_rgb,none,none,obb+hbb,test,coord_match,36.960756,-76.328608,18,1146,820,2,sealand,546.8,391.3,1.07,2008-10-01
100001030,100001030,norfolk,US,0.4772,10.00,optical_rgb,none,none,obb+hbb,train,coord_match,36.960756,-76.328608,18,1163,813,1,sealand,554.9,387.9,1.07,2008-10-01
100001031,100001031,norfolk,US,0.4772,10.00,optical_rgb,none,none,obb+hbb,train,coord_match,36.960756,-76.328608,18,1165,810,1,sealand,555.9,386.5,1.07,2008-10-01
100001032,100001032,norfolk,US,0.4772,10.00,optical_rgb,none,none,obb+hbb,test,coord_match,36.960756,-76.328608,18,1146,809,2,sealand,546.8,386.0,1.07,2008-10-01
100001033,100001033,norfolk,US,0.4772,10.00,optical_rgb,none,none,obb+hbb,train,coord_match,36.960756,-76.328608,18,1180,832,3,sealand,563.1,397.0,1.07,2008-10-01
100001034,100001034,norfolk,US,0.4772,10.00,optical_rgb,none,none,obb+hbb,train,coord_match,36.960756,-76.328608,18,1182,820,3,sealand,564.0,391.3,1.07,2008-10-01
100001035,100001035,norfolk,US,0.4772,10.00,optical_rgb,none,none,obb+hbb,test,coord_match,36.960756,-76.328608,18,1072,794,1,sealand,511.5,378.9,1.07,2007-04-01
100001036,100001036,norfolk,US,0.4772,10.00,optical_rgb,none,none,obb+hbb,test,coord_match,36.960756,-76.328608,18,1176,794,3,sealand,561.1,378.9,1.07,2007-04-01
100001037,100001037,norfolk,US,0.4772,10.00,optical_rgb,none,none,obb+hbb,train,coord_match,36.960756,-76.328608,18,1169,829,5,sealand,557.8,395.6,1.07,2007-04-01
100001038,100001038,norfolk,US,0.4772,10.00,optical_rgb,none,none,obb+hbb,train,coord_match,36.960756,-76.328608,18,993,762,1,sea,473.8,363.6,1.07,2007-04-01
100001039,100001039,norfolk,US,0.4772,10.00,optical_rgb,none,none,obb+hbb,test,coord_match,36.960756,-76.328608,18,1111,795,1,sealand,530.1,379.3,1.07,2007-04-01
100001040,100001040,norfolk,US,0.4772,10.00,optical_rgb,none,none,obb+hbb,test,coord_match,36.960756,-76.328608,18,1176,812,1,sealand,561.1,387.5,1.07,2007-04-01
100001041,100001041,norfolk,US,0.4772,10.00,optical_rgb,none,none,obb+hbb,test,coord_match,36.960756,-76.328608,18,1159,816,1,sea,553.0,389.4,1.07,2007-04-01
100001042,100001042,norfolk,US,0.4772,10.00,optical_rgb,none,none,obb+hbb,train,coord_match,36.960756,-76.328608,18,1181,831,3,sealand,563.5,396.5,1.07,2007-04-01
100001043,100001043,norfolk,US,0.4772,10.00,optical_rgb,none,none,obb+hbb,test,coord_match,36.960756,-76.328608,18,1190,830,7,sealand,567.8,396.0,1.07,2007-04-01
100001044,100001044,norfolk,US,0.4772,10.00,optical_rgb,none,none,obb+hbb,val,coord_match,36.960756,-76.328608,18,1180,827,5,sealand,563.1,394.6,1.07,2007-04-01
100001045,100001045,norfolk,US,0.4772,10.00,optical_rgb,none,none,obb+hbb,test,coord_match,36.960756,-76.328608,18,1181,818,5,sealand,563.5,390.3,1.07,2007-04-01
100001046,100001046,norfolk,US,0.4772,10.00,optical_rgb,none,none,obb+hbb,test,coord_match,36.960756,-76.328608,18,1186,835,7,sealand,565.9,398.4,1.07,2007-04-01
100001047,100001047,norfolk,US,0.4772,10.00,optical_rgb,none,none,obb+hbb,train,coord_match,36.960756,-76.328608,18,1183,808,6,sealand,564.5,385.5,1.07,2007-04-01
100001048,100001048,norfolk,US,0.4772,10.00,optical_rgb,none,none,obb+hbb,test,coord_match,36.960756,-76.328608,18,1179,831,6,sealand,562.6,396.5,1.07,2007-04-01
100001049,100001049,norfolk,US,0.4772,10.00,optical_rgb,none,none,obb+hbb,test,coord_match,36.960756,-76.328608,18,1118,805,1,sealand,533.5,384.1,1.07,2007-04-01
100001050,100001050,norfolk,US,0.4772,10.00,optical_rgb,none,none,obb+hbb,val,coord_match,36.960756,-76.328608,18,971,708,1,sealand,463.3,337.8,1.07,2007-04-01
100001051,100001051,norfolk,US,0.4772,10.00,optical_rgb,none,none,obb+hbb,test,coord_match,36.960756,-76.328608,18,974,720,1,sealand,464.8,343.6,1.07,2007-04-01
100001052,100001052,norfolk,US,0.4772,10.00,optical_rgb,none,none,obb+hbb,train,coord_match,36.960756,-76.328608,18,1184,819,2,sealand,565.0,390.8,1.07,2007-04-01
100001053,100001053,norfolk,US,0.4772,10.00,optical_rgb,none,none,obb+hbb,train,coord_match,36.960756,-76.328608,18,1133,812,3,sealand,540.6,387.5,1.07,2007-04-01
100001054,100001054,norfolk,US,0.4772,10.00,optical_rgb,none,none,obb+hbb,test,coord_match,36.960756,-76.328608,18,1073,811,1,sealand,512.0,387.0,1.07,2007-04-01
100001055,100001055,norfolk,US,0.4772,10.00,optical_rgb,none,none,obb+hbb,val,coord_match,36.960756,-76.328608,18,1169,826,2,sealand,557.8,394.1,1.07,2007-04-01
100001056,100001056,norfolk,US,0.4772,10.00,optical_rgb,none,none,obb+hbb,test,coord_match,36.960756,-76.328608,18,1158,826,2,sealand,552.6,394.1,1.07,2007-04-01
100001057,100001057,norfolk,US,0.4772,10.00,optical_rgb,none,none,obb+hbb,train,coord_match,36.960756,-76.328608,18,1143,765,3,sealand,545.4,365.0,1.07,2007-04-01
100001058,100001058,norfolk,US,0.4772,10.00,optical_rgb,none,none,obb+hbb,test,coord_match,36.960756,-76.328608,18,1049,779,1,sealand,500.5,371.7,1.07,2007-04-01
100001059,100001059,norfolk,US,0.4772,10.00,optical_rgb,none,none,obb+hbb,test,coord_match,36.960756,-76.328608,18,1164,817,4,sealand,555.4,389.8,1.07,2007-04-01
100001060,100001060,norfolk,US,0.4772,10.00,optical_rgb,none,none,obb+hbb,test,coord_match,36.960756,-76.328608,18,1035,799,1,sealand,493.9,381.3,1.07,2007-04-01
100001061,100001061,norfolk,US,0.4772,10.00,optical_rgb,none,none,obb+hbb,test,coord_match,36.960756,-76.328608,18,1054,759,1,sealand,502.9,362.2,1.07,2007-04-01
100001062,100001062,norfolk,US,0.4772,10.00,optical_rgb,none,none,obb+hbb,val,coord_match,36.960756,-76.328608,18,1182,827,1,sealand,564.0,394.6,1.07,2007-01-01
100001063,100001063,norfolk,US,0.4772,10.00,optical_rgb,none,none,obb+hbb,train,coord_match,36.960756,-76.328608,18,1177,826,1,sealand,561.6,394.1,1.07,2007-01-01
100001064,100001064,norfolk,US,0.4772,10.00,optical_rgb,none,none,obb+hbb,train,coord_match,36.960756,-76.328608,18,1159,828,2,sealand,553.0,395.1,1.07,2007-01-01
100001065,100001065,norfolk,US,0.4772,10.00,optical_rgb,none,none,obb+hbb,test,coord_match,36.960756,-76.328608,18,1179,825,6,sealand,562.6,393.7,1.07,2007-01-01
100001066,100001066,norfolk,US,0.4772,10.00,optical_rgb,none,none,obb+hbb,test,coord_match,36.960756,-76.328608,18,1105,769,1,sea,527.3,366.9,1.07,2007-01-01
100001067,100001067,norfolk,US,0.4772,10.00,optical_rgb,none,none,obb+hbb,test,coord_match,36.960756,-76.328608,18,1160,814,2,sealand,553.5,388.4,1.07,2007-01-01
100001068,100001068,norfolk,US,0.4772,10.00,optical_rgb,none,none,obb+hbb,train,coord_match,36.960756,-76.328608,18,1159,814,2,sealand,553.0,388.4,1.07,2007-01-01
100001069,100001069,norfolk,US,0.4772,10.00,optical_rgb,none,none,obb+hbb,train,coord_match,36.960756,-76.328608,18,1179,820,3,sealand,562.6,391.3,1.07,2007-01-01
100001070,100001070,norfolk,US,0.4772,10.00,optical_rgb,none,none,obb+hbb,val,coord_match,36.960756,-76.328608,18,1197,806,5,sealand,571.2,384.6,1.07,2007-01-01
100001071,100001071,norfolk,US,0.4772,10.00,optical_rgb,none,none,obb+hbb,val,coord_match,36.960756,-76.328608,18,1118,661,6,sealand,533.5,315.4,1.07,2007-01-01
100001072,100001072,norfolk,US,0.4772,10.00,optical_rgb,none,none,obb+hbb,test,coord_match,36.960756,-76.328608,18,1098,726,3,sealand,523.9,346.4,1.07,2007-01-01
100001073,100001073,norfolk,US,0.4772,10.00,optical_rgb,none,none,obb+hbb,test,coord_match,36.960756,-76.328608,18,1176,822,7,sealand,561.1,392.2,1.07,2007-01-01
100001074,100001074,norfolk,US,0.4772,10.00,optical_rgb,none,none,obb+hbb,val,coord_match,36.960756,-76.328608,18,1186,831,8,sealand,565.9,396.5,1.07,2007-01-01
100001075,100001075,norfolk,US,0.4772,10.00,optical_rgb,none,none,obb+hbb,test,coord_match,36.960756,-76.328608,18,1172,833,4,sealand,559.2,397.5,1.07,2007-01-01
100001076,100001076,norfolk,US,0.4772,10.00,optical_rgb,none,none,obb+hbb,test,coord_match,36.960756,-76.328608,18,1146,812,1,sealand,546.8,387.5,1.07,2007-01-01
100001077,100001077,norfolk,US,0.4772,10.00,optical_rgb,none,none,obb+hbb,test,coord_match,36.960756,-76.328608,18,1068,780,1,sealand,509.6,372.2,1.07,2007-01-01
100001078,100001078,norfolk,US,0.4772,10.00,optical_rgb,none,none,obb+hbb,train,coord_match,36.960756,-76.328608,18,892,629,3,sealand,425.6,300.1,1.07,2007-01-01
100001079,100001079,norfolk,US,0.4772,10.00,optical_rgb,none,none,obb+hbb,train,coord_match,36.960756,-76.328608,18,1154,805,1,sealand,550.6,384.1,1.07,2007-01-01
100001080,100001080,norfolk,US,0.4772,10.00,optical_rgb,none,none,obb+hbb,train,coord_match,36.960756,-76.328608,18,970,764,1,sealand,462.8,364.6,1.07,2007-01-01
100001081,100001081,norfolk,US,0.4772,10.00,optical_rgb,none,none,obb+hbb,train,coord_match,36.960756,-76.328608,18,975,785,1,sealand,465.2,374.6,1.07,2007-01-01
100001082,100001082,norfolk,US,0.4772,10.00,optical_rgb,none,none,obb+hbb,val,coord_match,36.960756,-76.328608,18,1147,829,3,sealand,547.3,395.6,1.07,2007-01-01
100001083,100001083,norfolk,US,0.4772,10.00,optical_rgb,none,none,obb+hbb,val,coord_match,36.960756,-76.328608,18,1083,822,1,sealand,516.8,392.2,1.07,2007-01-01
100001084,100001084,norfolk,US,0.4772,10.00,optical_rgb,none,none,obb+hbb,train,coord_match,36.960756,-76.328608,18,893,756,2,sealand,426.1,360.7,1.07,2007-01-01
100001085,100001085,norfolk,US,0.4772,10.00,optical_rgb,none,none,obb+hbb,test,coord_match,36.960756,-76.328608,18,821,642,1,sealand,391.8,306.3,1.07,2007-01-01
100001086,100001086,norfolk,US,0.4772,10.00,optical_rgb,none,none,obb+hbb,train,coord_match,36.960756,-76.328608,18,1128,783,3,sealand,538.2,373.6,1.07,2007-01-01
100001087,100001087,norfolk,US,0.4772,10.00,optical_rgb,none,none,obb+hbb,test,coord_match,36.960756,-76.328608,18,1178,817,1,sealand,562.1,389.8,1.07,2007-01-01
100001088,100001088,norfolk,US,0.4772,10.00,optical_rgb,none,none,obb+hbb,train,coord_match,36.960756,-76.328608,18,1165,821,4,sealand,555.9,391.8,1.07,2006-07-01
100001089,100001089,norfolk,US,0.4772,10.00,optical_rgb,none,none,obb+hbb,train,coord_match,36.960756,-76.328608,18,1072,810,5,sealand,511.5,386.5,1.07,2006-07-01
100001090,100001090,norfolk,US,0.4772,10.00,optical_rgb,none,none,obb+hbb,val,coord_match,36.960756,-76.328608,18,1159,822,3,sealand,553.0,392.2,1.07,2006-07-01
100001091,100001091,norfolk,US,0.4772,10.00,optical_rgb,none,none,obb+hbb,test,coord_match,36.960756,-76.328608,18,1196,837,6,sealand,570.7,399.4,1.07,2006-07-01
100001092,100001092,norfolk,US,0.4772,10.00,optical_rgb,none,none,obb+hbb,test,coord_match,36.960756,-76.328608,18,1114,829,6,sealand,531.6,395.6,1.07,2006-07-01
100001093,100001093,norfolk,US,0.4772,10.00,optical_rgb,none,none,obb+hbb,val,coord_match,36.960756,-76.328608,18,1135,823,8,sealand,541.6,392.7,1.07,2006-07-01
100001094,100001094,norfolk,US,0.4772,10.00,optical_rgb,none,none,obb+hbb,train,coord_match,36.960756,-76.328608,18,1175,840,9,sealand,560.7,400.8,1.07,2006-07-01
100001095,100001095,norfolk,US,0.4772,10.00,optical_rgb,none,none,obb+hbb,val,coord_match,36.960756,-76.328608,18,937,776,1,sealand,447.1,370.3,1.07,2006-07-01
100001096,100001096,norfolk,US,0.4772,10.00,optical_rgb,none,none,obb+hbb,train,coord_match,36.960756,-76.328608,18,930,740,2,sealand,443.8,353.1,1.07,2006-07-01
100001097,100001097,norfolk,US,0.4772,10.00,optical_rgb,none,none,obb+hbb,val,coord_match,36.960756,-76.328608,18,1148,777,1,sealand,547.8,370.8,1.07,2006-07-01
100001098,100001098,norfolk,US,0.4772,10.00,optical_rgb,none,none,obb+hbb,train,coord_match,36.960756,-76.328608,18,991,731,2,sealand,472.9,348.8,1.07,2006-07-01
100001099,100001099,norfolk,US,0.4772,10.00,optical_rgb,none,none,obb+hbb,test,coord_match,36.960756,-76.328608,18,1078,762,3,sealand,514.4,363.6,1.07,2006-07-01
100001100,100001100,norfolk,US,0.4772,10.00,optical_rgb,none,none,obb+hbb,val,coord_match,36.960756,-76.328608,18,1020,732,5,sealand,486.7,349.3,1.07,2006-07-01
100001101,100001101,norfolk,US,0.4772,10.00,optical_rgb,none,none,obb+hbb,test,coord_match,36.960756,-76.328608,18,652,557,1,sealand,311.1,265.8,1.07,2006-07-01
100001102,100001102,norfolk,US,0.4772,10.00,optical_rgb,none,none,obb+hbb,test,coord_match,36.960756,-76.328608,18,1168,817,3,sealand,557.3,389.8,1.07,2006-07-01
100001103,100001103,norfolk,US,0.4772,10.00,optical_rgb,none,none,obb+hbb,test,coord_match,36.960756,-76.328608,18,906,776,2,sealand,432.3,370.3,1.07,2006-07-01
100001104,100001104,norfolk,US,0.4772,10.00,optical_rgb,none,none,obb+hbb,test,coord_match,36.960756,-76.328608,18,720,704,1,sealand,343.6,335.9,1.07,2005-09-01
100001105,100001105,norfolk,US,0.4772,10.00,optical_rgb,none,none,obb+hbb,test,coord_match,36.960756,-76.328608,18,993,795,1,sealand,473.8,379.3,1.07,2005-09-01
100001106,100001106,norfolk,US,0.4772,10.00,optical_rgb,none,none,obb+hbb,test,coord_match,36.960756,-76.328608,18,936,806,3,sealand,446.6,384.6,1.07,2005-09-01
100001107,100001107,norfolk,US,0.4772,10.00,optical_rgb,none,none,obb+hbb,test,coord_match,36.960756,-76.328608,18,1064,811,4,sealand,507.7,387.0,1.07,2005-09-01
100001108,100001108,norfolk,US,0.4772,10.00,optical_rgb,none,none,obb+hbb,test,coord_match,36.960756,-76.328608,18,818,636,1,sea,390.3,303.5,1.07,2005-09-01
100001109,100001109,norfolk,US,0.4772,10.00,optical_rgb,none,none,obb+hbb,test,coord_match,36.960756,-76.328608,18,1102,719,1,sealand,525.8,343.1,1.07,2005-09-01
100001110,100001110,norfolk,US,0.4772,10.00,optical_rgb,none,none,obb+hbb,val,coord_match,36.960756,-76.328608,18,1169,816,3,sealand,557.8,389.4,1.07,2005-09-01
100001111,100001111,norfolk,US,0.4772,10.00,optical_rgb,none,none,obb+hbb,test,coord_match,36.960756,-76.328608,18,1151,764,4,sealand,549.2,364.6,1.07,2005-09-01
100001112,100001112,norfolk,US,0.4772,10.00,optical_rgb,none,none,obb+hbb,test,coord_match,36.960756,-76.328608,18,1127,825,5,sealand,537.8,393.7,1.07,2005-09-01
100001113,100001113,norfolk,US,0.4772,10.00,optical_rgb,none,none,obb+hbb,train,coord_match,36.960756,-76.328608,18,1179,824,6,sealand,562.6,393.2,1.07,2005-09-01
100001114,100001114,norfolk,US,0.4772,10.00,optical_rgb,none,none,obb+hbb,train,coord_match,36.960756,-76.328608,18,664,463,2,sealand,316.8,220.9,1.07,2005-09-01
100001115,100001115,norfolk,US,0.4772,10.00,optical_rgb,none,none,obb+hbb,val,coord_match,36.960756,-76.328608,18,1110,799,4,sealand,529.7,381.3,1.07,2005-09-01
100001116,100001116,norfolk,US,0.4772,10.00,optical_rgb,none,none,obb+hbb,test,coord_match,36.960756,-76.328608,18,1146,764,1,sealand,546.8,364.6,1.07,2004-06-01
100001117,100001117,norfolk,US,0.4772,10.00,optical_rgb,none,none,obb+hbb,test,coord_match,36.960756,-76.328608,18,901,765,3,sealand,429.9,365.0,1.07,2004-06-01
100001118,100001118,norfolk,US,0.4772,10.00,optical_rgb,none,none,obb+hbb,train,coord_match,36.960756,-76.328608,18,1008,793,3,sealand,481.0,378.4,1.07,2004-06-01
100001119,100001119,norfolk,US,0.4772,10.00,optical_rgb,none,none,obb+hbb,test,coord_match,36.960756,-76.328608,18,1171,816,5,sealand,558.8,389.4,1.07,2004-06-01
100001120,100001120,norfolk,US,0.4772,10.00,optical_rgb,none,none,obb+hbb,test,coord_match,36.960756,-76.328608,18,1056,775,2,sealand,503.9,369.8,1.07,2004-06-01
100001121,100001121,norfolk,US,0.4772,10.00,optical_rgb,none,none,obb+hbb,val,coord_match,36.960756,-76.328608,18,1183,815,3,sealand,564.5,388.9,1.07,2004-06-01
100001122,100001122,norfolk,US,0.4772,10.00,optical_rgb,none,none,obb+hbb,train,coord_match,36.960756,-76.328608,18,1124,833,6,sealand,536.3,397.5,1.07,2004-06-01
100001123,100001123,norfolk,US,0.4772,10.00,optical_rgb,none,none,obb+hbb,test,coord_match,36.960756,-76.328608,18,1117,790,6,sealand,533.0,377.0,1.07,2004-06-01
100001124,100001124,norfolk,US,0.4772,10.00,optical_rgb,none,none,obb+hbb,train,coord_match,36.960756,-76.328608,18,667,603,2,sealand,318.3,287.7,1.07,2004-06-01
100001125,100001125,norfolk,US,0.4772,10.00,optical_rgb,none,none,obb+hbb,val,coord_match,36.960756,-76.328608,18,1066,759,3,sealand,508.7,362.2,1.07,2004-06-01
100001126,100001126,norfolk,US,0.4772,10.00,optical_rgb,none,none,obb+hbb,test,coord_match,36.960756,-76.328608,18,914,739,2,sealand,436.1,352.6,1.07,2004-06-01
100001127,100001127,norfolk,US,0.4772,10.00,optical_rgb,none,none,obb+hbb,test,coord_match,36.960756,-76.328608,18,641,595,1,sealand,305.9,283.9,1.07,2004-06-01
100001128,100001128,norfolk,US,0.4772,10.00,optical_rgb,none,none,obb+hbb,val,coord_match,36.960756,-76.328608,18,1028,793,1,sealand,490.5,378.4,1.07,2004-06-01
100001129,100001129,norfolk,US,0.4772,10.00,optical_rgb,none,none,obb+hbb,train,coord_match,36.960756,-76.328608,18,1052,775,1,sealand,502.0,369.8,1.07,2004-06-01
100001130,100001130,norfolk,US,0.4772,10.00,optical_rgb,none,none,obb+hbb,val,coord_match,36.960756,-76.328608,18,1056,779,1,sealand,503.9,371.7,1.07,2004-06-01
100001131,100001131,norfolk,US,0.4772,10.00,optical_rgb,none,none,obb+hbb,train,coord_match,36.960756,-76.328608,18,1124,822,2,sealand,536.3,392.2,1.07,2004-06-01
100001132,100001132,norfolk,US,0.4772,10.00,optical_rgb,none,none,obb+hbb,train,coord_match,36.960756,-76.328608,18,1121,823,3,sealand,534.9,392.7,1.07,2004-06-01
100001133,100001133,norfolk,US,0.4772,10.00,optical_rgb,none,none,obb+hbb,test,coord_match,36.960756,-76.328608,18,1071,821,2,sealand,511.0,391.8,1.07,2004-06-01
100001134,100001134,norfolk,US,0.4772,10.00,optical_rgb,none,none,obb+hbb,test,coord_match,36.960756,-76.328608,18,1022,786,1,sealand,487.7,375.0,1.07,2004-06-01
100001135,100001135,norfolk,US,0.4772,10.00,optical_rgb,none,none,obb+hbb,train,coord_match,36.960756,-76.328608,18,705,637,1,sealand,336.4,304.0,1.07,2004-06-01
100001136,100001136,norfolk,US,0.4772,10.00,optical_rgb,none,none,obb+hbb,train,coord_match,36.960756,-76.328608,18,1152,794,2,sealand,549.7,378.9,1.07,2004-06-01
100001137,100001137,norfolk,US,0.4772,10.00,optical_rgb,none,none,obb+hbb,val,coord_match,36.960756,-76.328608,18,943,822,1,sealand,450.0,392.2,1.07,2004-06-01
100001138,100001138,norfolk,US,0.4772,10.00,optical_rgb,none,none,obb+hbb,train,coord_match,36.960756,-76.328608,18,1137,814,2,sealand,542.5,388.4,1.07,2004-06-01
100001139,100001139,norfolk,US,0.4772,10.00,optical_rgb,none,none,obb+hbb,val,coord_match,36.960756,-76.328608,18,1040,785,2,sealand,496.2,374.6,1.07,2004-06-01
100001140,100001140,norfolk,US,0.4772,10.00,optical_rgb,none,none,obb+hbb,test,coord_match,36.960756,-76.328608,18,865,710,1,sealand,412.7,338.8,1.07,2004-06-01
100001141,100001141,norfolk,US,0.4772,10.00,optical_rgb,none,none,obb+hbb,test,coord_match,36.960756,-76.328608,18,1127,826,1,sealand,537.8,394.1,1.07,2004-06-01
100001142,100001142,norfolk,US,0.4772,10.00,optical_rgb,none,none,obb+hbb,val,coord_match,36.960756,-76.328608,18,1190,833,8,sealand,567.8,397.5,1.07,2004-06-01
100001143,100001143,norfolk,US,0.4772,10.00,optical_rgb,none,none,obb+hbb,test,coord_match,36.960756,-76.328608,18,991,705,1,sealand,472.9,336.4,1.07,2003-09-01
100001144,100001144,norfolk,US,0.4772,10.00,optical_rgb,none,none,obb+hbb,test,coord_match,36.960756,-76.328608,18,1073,818,4,sealand,512.0,390.3,1.07,2003-09-01
100001145,100001145,norfolk,US,0.4772,10.00,optical_rgb,none,none,obb+hbb,test,coord_match,36.960756,-76.328608,18,781,679,2,sealand,372.7,324.0,1.07,2003-09-01
100001146,100001146,norfolk,US,0.4772,10.00,optical_rgb,none,none,obb+hbb,train,coord_match,36.960756,-76.328608,18,794,766,4,sealand,378.9,365.5,1.07,2003-09-01
100001147,100001147,norfolk,US,0.4772,10.00,optical_rgb,none,none,obb+hbb,test,coord_match,36.960756,-76.328608,18,1167,818,8,sealand,556.8,390.3,1.07,2003-09-01
100001148,100001148,norfolk,US,0.9543,10.00,optical_rgb,none,none,obb+hbb,val,coord_match,36.960756,-76.328608,17,1034,808,3,sealand,986.8,771.1,2.15,2003-09-01
100001149,100001149,norfolk,US,0.4772,10.00,optical_rgb,none,none,obb+hbb,test,coord_match,36.960756,-76.328608,18,973,757,4,sealand,464.3,361.2,1.07,2003-09-01
100001150,100001150,norfolk,US,0.4772,10.00,optical_rgb,none,none,obb+hbb,train,coord_match,36.960756,-76.328608,18,865,669,1,sealand,412.7,319.2,1.07,2002-12-01
100001151,100001151,norfolk,US,0.4772,10.00,optical_rgb,none,none,obb+hbb,test,coord_match,36.960756,-76.328608,18,1011,756,1,sealand,482.4,360.7,1.07,2002-12-01
100001152,100001152,norfolk,US,0.4772,10.00,optical_rgb,none,none,obb+hbb,test,coord_match,36.960756,-76.328608,18,1107,818,3,sealand,528.2,390.3,1.07,2002-12-01
100001153,100001153,norfolk,US,0.4772,10.00,optical_rgb,none,none,obb+hbb,test,coord_match,36.960756,-76.328608,18,881,799,2,sealand,420.4,381.3,1.07,2002-12-01
100001154,100001154,norfolk,US,0.4772,10.00,optical_rgb,none,none,obb+hbb,train,coord_match,36.960756,-76.328608,18,1135,819,6,sealand,541.6,390.8,1.07,2002-12-01
100001155,100001155,san_diego,US,0.5027,10.00,optical_rgb,none,none,obb+hbb,train,coord_match,32.6623,-117.121053,18,1154,817,3,sealand,580.2,410.7,1.07,2015-01-01
100001156,100001156,san_diego,US,0.5027,10.00,optical_rgb,none,none,obb+hbb,test,coord_match,32.6623,-117.121053,18,1159,844,5,sealand,582.7,424.3,1.07,2015-01-01
100001157,100001157,san_diego,US,0.5027,10.00,optical_rgb,none,none,obb+hbb,val,coord_match,32.6623,-117.121053,18,1156,827,9,sealand,581.2,415.8,1.07,2015-01-01
100001158,100001158,san_diego,US,0.5027,10.00,optical_rgb,none,none,obb+hbb,test,coord_match,32.6623,-117.121053,18,1188,823,11,sealand,597.2,413.7,1.07,2015-01-01
100001159,100001159,san_diego,US,0.5027,10.00,optical_rgb,none,none,obb+hbb,train,coord_match,32.6623,-117.121053,18,1175,824,5,sealand,590.7,414.3,1.07,2015-01-01
100001160,100001160,san_diego,US,0.5027,10.00,optical_rgb,none,none,obb+hbb,test,coord_match,32.6623,-117.121053,18,833,803,1,sealand,418.8,403.7,1.07,2015-01-01
100001161,100001161,san_diego,US,0.5027,10.00,optical_rgb,none,none,obb+hbb,test,coord_match,32.6623,-117.121053,18,1044,748,3,sealand,524.9,376.0,1.07,2015-01-01
100001162,100001162,san_diego,US,0.5027,10.00,optical_rgb,none,none,obb+hbb,test,coord_match,32.6623,-117.121053,18,1087,796,4,sealand,546.5,400.2,1.07,2015-01-01
100001163,100001163,san_diego,US,0.5027,10.00,optical_rgb,none,none,obb+hbb,train,coord_match,32.6623,-117.121053,18,814,678,1,sealand,409.2,340.9,1.07,2015-01-01
100001164,100001164,san_diego,US,0.5027,10.00,optical_rgb,none,none,obb+hbb,test,coord_match,32.6623,-117.121053,18,1152,814,1,sealand,579.1,409.2,1.07,2015-01-01
100001165,100001165,san_diego,US,0.5027,10.00,optical_rgb,none,none,obb+hbb,train,coord_match,32.6623,-117.121053,18,981,802,3,sealand,493.2,403.2,1.07,2015-01-01
100001166,100001166,san_diego,US,0.5027,10.00,optical_rgb,none,none,obb+hbb,test,coord_match,32.6623,-117.121053,18,938,786,2,sealand,471.6,395.1,1.07,2015-01-01
100001167,100001167,san_diego,US,0.5027,10.00,optical_rgb,none,none,obb+hbb,train,coord_match,32.6623,-117.121053,18,1116,814,1,sealand,561.0,409.2,1.07,2015-01-01
100001168,100001168,san_diego,US,0.5027,10.00,optical_rgb,none,none,obb+hbb,train,coord_match,32.6623,-117.121053,18,1140,822,2,sealand,573.1,413.2,1.07,2015-01-01
100001169,100001169,san_diego,US,0.5027,10.00,optical_rgb,none,none,obb+hbb,train,coord_match,32.6623,-117.121053,18,841,720,1,sealand,422.8,362.0,1.07,2014-12-01
100001170,100001170,san_diego,US,0.5027,10.00,optical_rgb,none,none,obb+hbb,train,coord_match,32.6623,-117.121053,18,728,713,1,sealand,366.0,358.4,1.07,2014-12-01
100001171,100001171,san_diego,US,0.5027,10.00,optical_rgb,none,none,obb+hbb,test,coord_match,32.6623,-117.121053,18,1112,826,1,sealand,559.0,415.3,1.07,2014-12-01
100001172,100001172,san_diego,US,0.5027,10.00,optical_rgb,none,none,obb+hbb,test,coord_match,32.6623,-117.121053,18,1070,781,2,sealand,537.9,392.6,1.07,2014-12-01
100001173,100001173,san_diego,US,0.5027,10.00,optical_rgb,none,none,obb+hbb,train,coord_match,32.6623,-117.121053,18,1131,822,3,sealand,568.6,413.2,1.07,2014-12-01
100001174,100001174,san_diego,US,0.5027,10.00,optical_rgb,none,none,obb+hbb,train,coord_match,32.6623,-117.121053,18,1192,827,7,sealand,599.3,415.8,1.07,2014-12-01
100001175,100001175,san_diego,US,0.5027,10.00,optical_rgb,none,none,obb+hbb,test,coord_match,32.6623,-117.121053,18,1097,816,3,sealand,551.5,410.2,1.07,2014-12-01
100001176,100001176,san_diego,US,0.5027,10.00,optical_rgb,none,none,obb+hbb,test,coord_match,32.6623,-117.121053,18,1182,772,5,sealand,594.2,388.1,1.07,2014-12-01
100001177,100001177,san_diego,US,0.5027,10.00,optical_rgb,none,none,obb+hbb,test,coord_match,32.6623,-117.121053,18,1197,837,5,sealand,601.8,420.8,1.07,2014-12-01
100001178,100001178,san_diego,US,0.5027,10.00,optical_rgb,none,none,obb+hbb,test,coord_match,32.6623,-117.121053,18,1128,787,4,sealand,567.1,395.7,1.07,2014-12-01
100001179,100001179,san_diego,US,0.5027,10.00,optical_rgb,none,none,obb+hbb,test,coord_match,32.6623,-117.121053,18,1117,614,4,sealand,561.6,308.7,1.07,2014-12-01
100001180,100001180,san_diego,US,0.5027,10.00,optical_rgb,none,none,obb+hbb,test,coord_match,32.6623,-117.121053,18,1183,834,4,sealand,594.7,419.3,1.07,2014-12-01
100001181,100001181,san_diego,US,0.5027,10.00,optical_rgb,none,none,obb+hbb,test,coord_match,32.6623,-117.121053,18,1186,833,2,sealand,596.2,418.8,1.07,2014-12-01
100001182,100001182,san_diego,US,0.5027,10.00,optical_rgb,none,none,obb+hbb,train,coord_match,32.6623,-117.121053,18,1169,827,4,sealand,587.7,415.8,1.07,2014-12-01
100001183,100001183,san_diego,US,0.5027,10.00,optical_rgb,none,none,obb+hbb,train,coord_match,32.6623,-117.121053,18,1141,825,6,sealand,573.6,414.8,1.07,2014-12-01
100001184,100001184,san_diego,US,0.5027,10.00,optical_rgb,none,none,obb+hbb,train,coord_match,32.6623,-117.121053,18,935,732,1,sealand,470.1,368.0,1.07,2014-12-01
100001185,100001185,san_diego,US,0.5027,10.00,optical_rgb,none,none,obb+hbb,test,coord_match,32.6623,-117.121053,18,1153,824,1,sealand,579.7,414.3,1.07,2014-12-01
100001186,100001186,san_diego,US,0.5027,10.00,optical_rgb,none,none,obb+hbb,test,coord_match,32.6623,-117.121053,18,1150,830,4,sealand,578.1,417.3,1.07,2014-12-01
100001187,100001187,san_diego,US,0.5027,10.00,optical_rgb,none,none,obb+hbb,train,coord_match,32.6623,-117.121053,18,1162,808,1,sealand,584.2,406.2,1.07,2014-12-01
100001188,100001188,san_diego,US,0.5027,10.00,optical_rgb,none,none,obb+hbb,test,coord_match,32.6623,-117.121053,18,1171,832,2,sealand,588.7,418.3,1.07,2014-12-01
100001189,100001189,san_diego,US,0.5027,10.00,optical_rgb,none,none,obb+hbb,train,coord_match,32.6623,-117.121053,18,973,747,1,sealand,489.2,375.5,1.07,2014-10-01
100001190,100001190,san_diego,US,0.5027,10.00,optical_rgb,none,none,obb+hbb,train,coord_match,32.6623,-117.121053,18,1083,824,3,sealand,544.5,414.3,1.07,2014-10-01
100001191,100001191,san_diego,US,0.5027,10.00,optical_rgb,none,none,obb+hbb,train,coord_match,32.6623,-117.121053,18,1150,835,9,sealand,578.1,419.8,1.07,2014-10-01
100001192,100001192,san_diego,US,0.5027,10.00,optical_rgb,none,none,obb+hbb,train,coord_match,32.6623,-117.121053,18,1131,804,1,sealand,568.6,404.2,1.07,2014-10-01
100001193,100001193,san_diego,US,0.5027,10.00,optical_rgb,none,none,obb+hbb,train,coord_match,32.6623,-117.121053,18,1035,789,3,sealand,520.3,396.7,1.07,2014-10-01
100001194,100001194,san_diego,US,0.5027,10.00,optical_rgb,none,none,obb+hbb,train,coord_match,32.6623,-117.121053,18,771,732,2,sealand,387.6,368.0,1.07,2014-10-01
100001195,100001195,san_diego,US,0.5027,10.00,optical_rgb,none,none,obb+hbb,train,coord_match,32.6623,-117.121053,18,969,715,2,sealand,487.1,359.5,1.07,2014-10-01
100001196,100001196,san_diego,US,0.5027,10.00,optical_rgb,none,none,obb+hbb,train,coord_match,32.6623,-117.121053,18,1154,820,4,sealand,580.2,412.2,1.07,2014-10-01
100001197,100001197,san_diego,US,0.5027,10.00,optical_rgb,none,none,obb+hbb,train,coord_match,32.6623,-117.121053,18,976,817,3,sealand,490.7,410.7,1.07,2014-10-01
100001198,100001198,san_diego,US,0.5027,10.00,optical_rgb,none,none,obb+hbb,test,coord_match,32.6623,-117.121053,18,1110,825,8,sealand,558.0,414.8,1.07,2014-10-01
100001199,100001199,san_diego,US,0.5027,10.00,optical_rgb,none,none,obb+hbb,train,coord_match,32.6623,-117.121053,18,842,723,2,sealand,423.3,363.5,1.07,2014-10-01
100001200,100001200,san_diego,US,0.5027,10.00,optical_rgb,none,none,obb+hbb,train,coord_match,32.6623,-117.121053,18,1169,821,5,sealand,587.7,412.7,1.07,2014-10-01
100001201,100001201,san_diego,US,0.5027,10.00,optical_rgb,none,none,obb+hbb,train,coord_match,32.6623,-117.121053,18,1132,799,4,sealand,569.1,401.7,1.07,2014-10-01
100001202,100001202,san_diego,US,0.5027,10.00,optical_rgb,none,none,obb+hbb,test,coord_match,32.6623,-117.121053,18,1123,797,2,sealand,564.6,400.7,1.07,2014-10-01
100001203,100001203,san_diego,US,0.5027,10.00,optical_rgb,none,none,obb+hbb,test,coord_match,32.6623,-117.121053,18,822,636,1,sea,413.2,319.7,1.07,2014-10-01
100001204,100001204,san_diego,US,0.5027,10.00,optical_rgb,none,none,obb+hbb,val,coord_match,32.6623,-117.121053,18,1017,809,1,sealand,511.3,406.7,1.07,2014-10-01
100001205,100001205,san_diego,US,0.5027,10.00,optical_rgb,none,none,obb+hbb,test,coord_match,32.6623,-117.121053,18,1014,814,1,sealand,509.8,409.2,1.07,2014-10-01
100001206,100001206,san_diego,US,0.5027,10.00,optical_rgb,none,none,obb+hbb,test,coord_match,32.6623,-117.121053,18,997,815,4,sealand,501.2,409.7,1.07,2014-10-01
100001207,100001207,san_diego,US,0.5027,10.00,optical_rgb,none,none,obb+hbb,train,coord_match,32.6623,-117.121053,18,1142,830,3,sealand,574.1,417.3,1.07,2014-07-01
100001208,100001208,san_diego,US,0.5027,10.00,optical_rgb,none,none,obb+hbb,val,coord_match,32.6623,-117.121053,18,1144,818,4,sealand,575.1,411.2,1.07,2014-07-01
100001209,100001209,san_diego,US,0.5027,10.00,optical_rgb,none,none,obb+hbb,val,coord_match,32.6623,-117.121053,18,1177,798,3,sealand,591.7,401.2,1.07,2014-07-01
100001210,100001210,san_diego,US,0.5027,10.00,optical_rgb,none,none,obb+hbb,train,coord_match,32.6623,-117.121053,18,1146,833,5,sealand,576.1,418.8,1.07,2014-07-01
100001211,100001211,san_diego,US,0.5027,10.00,optical_rgb,none,none,obb+hbb,test,coord_match,32.6623,-117.121053,18,1104,829,4,sealand,555.0,416.8,1.07,2014-07-01
100001212,100001212,san_diego,US,0.5027,10.00,optical_rgb,none,none,obb+hbb,val,coord_match,32.6623,-117.121053,18,971,823,5,sealand,488.2,413.7,1.07,2014-07-01
100001213,100001213,san_diego,US,0.5027,10.00,optical_rgb,none,none,obb+hbb,train,coord_match,32.6623,-117.121053,18,1187,839,9,sealand,596.7,421.8,1.07,2014-07-01
100001214,100001214,san_diego,US,0.5027,10.00,optical_rgb,none,none,obb+hbb,val,coord_match,32.6623,-117.121053,18,1056,813,4,sealand,530.9,408.7,1.07,2014-07-01
100001215,100001215,san_diego,US,0.5027,10.00,optical_rgb,none,none,obb+hbb,test,coord_match,32.6623,-117.121053,18,1128,783,2,sealand,567.1,393.6,1.07,2014-07-01
100001216,100001216,san_diego,US,0.5027,10.00,optical_rgb,none,none,obb+hbb,train,coord_match,32.6623,-117.121053,18,1166,821,3,sealand,586.2,412.7,1.07,2014-07-01
100001217,100001217,san_diego,US,0.5027,10.00,optical_rgb,none,none,obb+hbb,train,coord_match,32.6623,-117.121053,18,1131,824,1,sealand,568.6,414.3,1.07,2014-07-01
100001218,100001218,san_diego,US,0.5027,10.00,optical_rgb,none,none,obb+hbb,train,coord_match,32.6623,-117.121053,18,929,778,1,sealand,467.0,391.1,1.07,2014-07-01
100001219,100001219,san_diego,US,0.5027,10.00,optical_rgb,none,none,obb+hbb,val,coord_match,32.6623,-117.121053,18,1157,812,1,sealand,581.7,408.2,1.07,2014-07-01
100001220,100001220,san_diego,US,0.5027,10.00,optical_rgb,none,none,obb+hbb,test,coord_match,32.6623,-117.121053,18,1051,806,4,sealand,528.4,405.2,1.07,2014-07-01
100001221,100001221,san_diego,US,0.5027,10.00,optical_rgb,none,none,obb+hbb,test,coord_match,32.6623,-117.121053,18,1188,821,2,sealand,597.2,412.7,1.07,2014-07-01
100001222,100001222,san_diego,US,0.5027,10.00,optical_rgb,none,none,obb+hbb,train,coord_match,32.6623,-117.121053,18,1054,831,2,sealand,529.9,417.8,1.07,2014-05-01
100001223,100001223,san_diego,US,0.5027,10.00,optical_rgb,none,none,obb+hbb,val,coord_match,32.6623,-117.121053,18,1089,836,5,sealand,547.5,420.3,1.07,2014-05-01
100001224,100001224,san_diego,US,0.5027,10.00,optical_rgb,none,none,obb+hbb,train,coord_match,32.6623,-117.121053,18,1159,829,6,sealand,582.7,416.8,1.07,2014-05-01
100001225,100001225,san_diego,US,0.5027,10.00,optical_rgb,none,none,obb+hbb,train,coord_match,32.6623,-117.121053,18,1199,836,7,sealand,602.8,420.3,1.07,2014-05-01
100001226,100001226,san_diego,US,0.5027,10.00,optical_rgb,none,none,obb+hbb,val,coord_match,32.6623,-117.121053,18,853,764,3,sealand,428.8,384.1,1.07,2014-05-01
100001227,100001227,san_diego,US,0.5027,10.00,optical_rgb,none,none,obb+hbb,val,coord_match,32.6623,-117.121053,18,1185,828,10,sealand,595.7,416.3,1.07,2014-05-01
100001228,100001228,san_diego,US,0.5027,10.00,optical_rgb,none,none,obb+hbb,val,coord_match,32.6623,-117.121053,18,1162,821,6,sealand,584.2,412.7,1.07,2014-05-01
100001229,100001229,san_diego,US,0.5027,10.00,optical_rgb,none,none,obb+hbb,train,coord_match,32.6623,-117.121053,18,1147,819,1,sealand,576.6,411.7,1.07,2014-05-01
100001230,100001230,san_diego,US,0.5027,10.00,optical_rgb,none,none,obb+hbb,train,coord_match,32.6623,-117.121053,18,1047,804,1,sealand,526.4,404.2,1.07,2014-05-01
100001231,100001231,san_diego,US,0.5027,10.00,optical_rgb,none,none,obb+hbb,train,coord_match,32.6623,-117.121053,18,1111,826,1,sealand,558.5,415.3,1.07,2014-05-01
100001232,100001232,san_diego,US,0.5027,10.00,optical_rgb,none,none,obb+hbb,test,coord_match,32.6623,-117.121053,18,1183,822,2,sealand,594.7,413.2,1.07,2014-05-01
100001233,100001233,san_diego,US,0.5027,10.00,optical_rgb,none,none,obb+hbb,train,coord_match,32.6623,-117.121053,18,1149,830,2,sealand,577.6,417.3,1.07,2014-01-01
100001234,100001234,san_diego,US,0.5027,10.00,optical_rgb,none,none,obb+hbb,train,coord_match,32.6623,-117.121053,18,1183,830,6,sealand,594.7,417.3,1.07,2014-01-01
100001235,100001235,san_diego,US,0.5027,10.00,optical_rgb,none,none,obb+hbb,train,coord_match,32.6623,-117.121053,18,1175,825,7,sealand,590.7,414.8,1.07,2014-01-01
100001236,100001236,san_diego,US,0.5027,10.00,optical_rgb,none,none,obb+hbb,test,coord_match,32.6623,-117.121053,18,1169,823,4,sealand,587.7,413.7,1.07,2014-01-01
100001237,100001237,san_diego,US,0.5027,10.00,optical_rgb,none,none,obb+hbb,test,coord_match,32.6623,-117.121053,18,1173,826,7,sealand,589.7,415.3,1.07,2014-01-01
100001238,100001238,san_diego,US,0.5027,10.00,optical_rgb,none,none,obb+hbb,train,coord_match,32.6623,-117.121053,18,1159,828,7,sealand,582.7,416.3,1.07,2014-01-01
100001239,100001239,san_diego,US,0.5027,10.00,optical_rgb,none,none,obb+hbb,train,coord_match,32.6623,-117.121053,18,1094,814,1,sealand,550.0,409.2,1.07,2014-01-01
100001240,100001240,san_diego,US,0.5027,10.00,optical_rgb,none,none,obb+hbb,train,coord_match,32.6623,-117.121053,18,1095,799,7,sealand,550.5,401.7,1.07,2014-01-01
100001241,100001241,san_diego,US,0.5027,10.00,optical_rgb,none,none,obb+hbb,test,coord_match,32.6623,-117.121053,18,908,731,1,sealand,456.5,367.5,1.07,2014-01-01
100001242,100001242,san_diego,US,0.5027,10.00,optical_rgb,none,none,obb+hbb,train,coord_match,32.6623,-117.121053,18,1176,810,1,sea,591.2,407.2,1.07,2013-11-01
100001243,100001243,san_diego,US,0.5027,10.00,optical_rgb,none,none,obb+hbb,val,coord_match,32.6623,-117.121053,18,974,774,1,sealand,489.7,389.1,1.07,2013-11-01
100001244,100001244,san_diego,US,0.5027,10.00,optical_rgb,none,none,obb+hbb,test,coord_match,32.6623,-117.121053,18,1168,824,2,sealand,587.2,414.3,1.07,2013-11-01
100001245,100001245,san_diego,US,0.5027,10.00,optical_rgb,none,none,obb+hbb,val,coord_match,32.6623,-117.121053,18,1183,832,3,sealand,594.7,418.3,1.07,2013-11-01
100001246,100001246,san_diego,US,0.5027,10.00,optical_rgb,none,none,obb+hbb,train,coord_match,32.6623,-117.121053,18,1117,811,3,sealand,561.6,407.7,1.07,2013-11-01
100001247,100001247,san_diego,US,0.5027,10.00,optical_rgb,none,none,obb+hbb,train,coord_match,32.6623,-117.121053,18,1089,778,4,sealand,547.5,391.1,1.07,2013-11-01
100001248,100001248,san_diego,US,0.5027,10.00,optical_rgb,none,none,obb+hbb,test,coord_match,32.6623,-117.121053,18,833,719,1,sealand,418.8,361.5,1.07,2013-11-01
100001249,100001249,san_diego,US,0.5027,10.00,optical_rgb,none,none,obb+hbb,test,coord_match,32.6623,-117.121053,18,1172,824,4,sealand,589.2,414.3,1.07,2013-11-01
100001250,100001250,san_diego,US,0.5027,10.00,optical_rgb,none,none,obb+hbb,train,coord_match,32.6623,-117.121053,18,1179,827,3,sealand,592.7,415.8,1.07,2013-11-01
100001251,100001251,san_diego,US,0.5027,10.00,optical_rgb,none,none,obb+hbb,train,coord_match,32.6623,-117.121053,18,1116,809,5,sealand,561.0,406.7,1.07,2013-11-01
100001252,100001252,san_diego,US,0.5027,10.00,optical_rgb,none,none,obb+hbb,test,coord_match,32.6623,-117.121053,18,1058,775,3,sealand,531.9,389.6,1.07,2013-11-01
100001253,100001253,san_diego,US,0.5027,10.00,optical_rgb,none,none,obb+hbb,val,coord_match,32.6623,-117.121053,18,1192,833,5,sealand,599.3,418.8,1.07,2013-11-01
100001254,100001254,san_diego,US,0.5027,10.00,optical_rgb,none,none,obb+hbb,val,coord_match,32.6623,-117.121053,18,1170,820,4,sealand,588.2,412.2,1.07,2013-11-01
100001255,100001255,san_diego,US,0.5027,10.00,optical_rgb,none,none,obb+hbb,test,coord_match,32.6623,-117.121053,18,973,807,1,sealand,489.2,405.7,1.07,2013-11-01
100001256,100001256,san_diego,US,0.5027,10.00,optical_rgb,none,none,obb+hbb,train,coord_match,32.6623,-117.121053,18,1191,821,6,sealand,598.8,412.7,1.07,2013-11-01
100001257,100001257,san_diego,US,0.5027,10.00,optical_rgb,none,none,obb+hbb,test,coord_match,32.6623,-117.121053,18,1137,830,1,sealand,571.6,417.3,1.07,2013-11-01
100001258,100001258,san_diego,US,0.5027,10.00,optical_rgb,none,none,obb+hbb,test,coord_match,32.6623,-117.121053,18,839,789,4,sealand,421.8,396.7,1.07,2013-11-01
100001259,100001259,san_diego,US,0.5027,10.00,optical_rgb,none,none,obb+hbb,train,coord_match,32.6623,-117.121053,18,1065,827,1,sealand,535.4,415.8,1.07,2013-11-01
100001260,100001260,san_diego,US,0.5027,10.00,optical_rgb,none,none,obb+hbb,train,coord_match,32.6623,-117.121053,18,1162,820,1,sealand,584.2,412.2,1.07,2013-11-01
100001261,100001261,san_diego,US,0.5027,10.00,optical_rgb,none,none,obb+hbb,train,coord_match,32.6623,-117.121053,18,798,610,1,sealand,401.2,306.7,1.07,2013-11-01
100001262,100001262,san_diego,US,0.5027,10.00,optical_rgb,none,none,obb+hbb,train,coord_match,32.6623,-117.121053,18,924,770,1,sealand,464.5,387.1,1.07,2012-11-01
100001263,100001263,san_diego,US,0.5027,10.00,optical_rgb,none,none,obb+hbb,train,coord_match,32.6623,-117.121053,18,1129,798,5,sealand,567.6,401.2,1.07,2012-11-01
100001264,100001264,san_diego,US,0.5027,10.00,optical_rgb,none,none,obb+hbb,val,coord_match,32.6623,-117.121053,18,1197,796,4,sealand,601.8,400.2,1.07,2012-11-01
100001265,100001265,san_diego,US,0.5027,10.00,optical_rgb,none,none,obb+hbb,val,coord_match,32.6623,-117.121053,18,1086,783,6,sealand,546.0,393.6,1.07,2012-11-01
100001266,100001266,san_diego,US,0.5027,10.00,optical_rgb,none,none,obb+hbb,val,coord_match,32.6623,-117.121053,18,1192,832,7,sealand,599.3,418.3,1.07,2012-11-01
100001267,100001267,san_diego,US,0.5027,10.00,optical_rgb,none,none,obb+hbb,train,coord_match,32.6623,-117.121053,18,1190,731,4,sealand,598.3,367.5,1.07,2012-11-01
100001268,100001268,san_diego,US,0.5027,10.00,optical_rgb,none,none,obb+hbb,test,coord_match,32.6623,-117.121053,18,1180,819,8,sealand,593.2,411.7,1.07,2012-11-01
100001269,100001269,san_diego,US,0.5027,10.00,optical_rgb,none,none,obb+hbb,test,coord_match,32.6623,-117.121053,18,1183,836,8,sealand,594.7,420.3,1.07,2012-11-01
100001270,100001270,san_diego,US,0.5027,10.00,optical_rgb,none,none,obb+hbb,test,coord_match,32.6623,-117.121053,18,1153,826,8,sealand,579.7,415.3,1.07,2012-11-01
100001271,100001271,san_diego,US,0.5027,10.00,optical_rgb,none,none,obb+hbb,train,coord_match,32.6623,-117.121053,18,1104,804,2,sealand,555.0,404.2,1.07,2012-11-01
100001272,100001272,san_diego,US,0.5027,10.00,optical_rgb,none,none,obb+hbb,test,coord_match,32.6623,-117.121053,18,1164,825,4,sealand,585.2,414.8,1.07,2012-11-01
100001273,100001273,san_diego,US,0.5027,10.00,optical_rgb,none,none,obb+hbb,train,coord_match,32.6623,-117.121053,18,1098,800,2,sealand,552.0,402.2,1.07,2012-11-01
100001274,100001274,san_diego,US,0.5027,10.00,optical_rgb,none,none,obb+hbb,test,coord_match,32.6623,-117.121053,18,1149,822,1,sealand,577.6,413.2,1.07,2012-11-01
100001275,100001275,san_diego,US,0.5027,10.00,optical_rgb,none,none,obb+hbb,train,coord_match,32.6623,-117.121053,18,1086,761,2,sealand,546.0,382.6,1.07,2012-11-01
100001276,100001276,san_diego,US,0.5027,10.00,optical_rgb,none,none,obb+hbb,train,coord_match,32.6623,-117.121053,18,1096,804,1,sealand,551.0,404.2,1.07,2012-11-01
100001277,100001277,san_diego,US,0.5027,10.00,optical_rgb,none,none,obb+hbb,train,coord_match,32.6623,-117.121053,18,1163,828,1,sealand,584.7,416.3,1.07,2012-11-01
100001278,100001278,san_diego,US,0.5027,10.00,optical_rgb,none,none,obb+hbb,train,coord_match,32.6623,-117.121053,18,1152,821,2,sealand,579.1,412.7,1.07,2012-11-01
100001279,100001279,san_diego,US,0.5027,10.00,optical_rgb,none,none,obb+hbb,train,coord_match,32.6623,-117.121053,18,1121,823,3,sealand,563.6,413.7,1.07,2012-11-01
100001280,100001280,san_diego,US,0.5027,10.00,optical_rgb,none,none,obb+hbb,test,coord_match,32.6623,-117.121053,18,816,825,2,sealand,410.2,414.8,1.07,2012-11-01
100001281,100001281,san_diego,US,0.5027,10.00,optical_rgb,none,none,obb+hbb,train,coord_match,32.6623,-117.121053,18,794,772,6,sealand,399.2,388.1,1.07,2012-11-01
100001282,100001282,san_diego,US,0.5027,10.00,optical_rgb,none,none,obb+hbb,test,coord_match,32.6623,-117.121053,18,972,646,2,sealand,488.7,324.8,1.07,2012-11-01
100001283,100001283,san_diego,US,0.5027,10.00,optical_rgb,none,none,obb+hbb,train,coord_match,32.6623,-117.121053,18,1167,761,5,sealand,586.7,382.6,1.07,2012-11-01
100001284,100001284,san_diego,US,0.5027,10.00,optical_rgb,none,none,obb+hbb,train,coord_match,32.6623,-117.121053,18,1108,829,8,sealand,557.0,416.8,1.07,2012-11-01
100001285,100001285,san_diego,US,0.5027,10.00,optical_rgb,none,none,obb+hbb,train,coord_match,32.6623,-117.121053,18,1109,832,4,sealand,557.5,418.3,1.07,2012-11-01
100001286,100001286,san_diego,US,0.5027,10.00,optical_rgb,none,none,obb+hbb,test,coord_match,32.6623,-117.121053,18,1170,827,5,sealand,588.2,415.8,1.07,2012-11-01
100001287,100001287,san_diego,US,0.5027,10.00,optical_rgb,none,none,obb+hbb,train,coord_match,32.6623,-117.121053,18,988,794,2,sealand,496.7,399.2,1.07,2012-11-01
100001288,100001288,san_diego,US,0.5027,10.00,optical_rgb,none,none,obb+hbb,test,coord_match,32.6623,-117.121053,18,1077,810,4,sealand,541.4,407.2,1.07,2012-11-01
100001289,100001289,san_diego,US,0.5027,10.00,optical_rgb,none,none,obb+hbb,train,coord_match,32.6623,-117.121053,18,1174,824,3,sealand,590.2,414.3,1.07,2012-11-01
100001290,100001290,san_diego,US,0.5027,10.00,optical_rgb,none,none,obb+hbb,train,coord_match,32.6623,-117.121053,18,1177,832,1,sealand,591.7,418.3,1.07,2012-11-01
100001291,100001291,san_diego,US,0.5027,10.00,optical_rgb,none,none,obb+hbb,train,coord_match,32.6623,-117.121053,18,988,745,2,sealand,496.7,374.5,1.07,2012-11-01
100001292,100001292,san_diego,US,0.5027,10.00,optical_rgb,none,none,obb+hbb,train,coord_match,32.6623,-117.121053,18,1123,791,2,sealand,564.6,397.7,1.07,2012-11-01
100001293,100001293,san_diego,US,0.5027,10.00,optical_rgb,none,none,obb+hbb,train,coord_match,32.6623,-117.121053,18,958,720,1,sealand,481.6,362.0,1.07,2012-11-01
100001294,100001294,san_diego,US,0.5027,10.00,optical_rgb,none,none,obb+hbb,test,coord_match,32.6623,-117.121053,18,980,738,1,sealand,492.7,371.0,1.07,2012-10-01
100001295,100001295,san_diego,US,0.5027,10.00,optical_rgb,none,none,obb+hbb,train,coord_match,32.6623,-117.121053,18,1172,822,3,sealand,589.2,413.2,1.07,2012-10-01
100001296,100001296,san_diego,US,0.5027,10.00,optical_rgb,none,none,obb+hbb,train,coord_match,32.6623,-117.121053,18,1068,807,7,sealand,536.9,405.7,1.07,2012-10-01
100001297,100001297,san_diego,US,0.5027,10.00,optical_rgb,none,none,obb+hbb,test,coord_match,32.6623,-117.121053,18,613,597,1,sealand,308.2,300.1,1.07,2012-10-01
100001298,100001298,san_diego,US,0.5027,10.00,optical_rgb,none,none,obb+hbb,train,coord_match,32.6623,-117.121053,18,1132,771,2,sealand,569.1,387.6,1.07,2012-10-01
100001299,100001299,san_diego,US,0.5027,10.00,optical_rgb,none,none,obb+hbb,val,coord_match,32.6623,-117.121053,18,1164,823,5,sealand,585.2,413.7,1.07,2012-10-01
100001300,100001300,san_diego,US,0.5027,10.00,optical_rgb,none,none,obb+hbb,train,coord_match,32.6623,-117.121053,18,1160,823,5,sealand,583.2,413.7,1.07,2012-10-01
100001301,100001301,san_diego,US,0.5027,10.00,optical_rgb,none,none,obb+hbb,test,coord_match,32.6623,-117.121053,18,1170,834,4,sealand,588.2,419.3,1.07,2012-10-01
100001302,100001302,san_diego,US,0.5027,10.00,optical_rgb,none,none,obb+hbb,train,coord_match,32.6623,-117.121053,18,1173,831,3,sealand,589.7,417.8,1.07,2012-10-01
100001303,100001303,san_diego,US,0.5027,10.00,optical_rgb,none,none,obb+hbb,train,coord_match,32.6623,-117.121053,18,1165,823,4,sealand,585.7,413.7,1.07,2012-10-01
100001304,100001304,san_diego,US,0.5027,10.00,optical_rgb,none,none,obb+hbb,val,coord_match,32.6623,-117.121053,18,1090,787,3,sealand,548.0,395.7,1.07,2012-10-01
100001305,100001305,san_diego,US,0.5027,10.00,optical_rgb,none,none,obb+hbb,test,coord_match,32.6623,-117.121053,18,1154,816,1,sealand,580.2,410.2,1.07,2012-10-01
100001306,100001306,san_diego,US,0.5027,10.00,optical_rgb,none,none,obb+hbb,val,coord_match,32.6623,-117.121053,18,1174,824,1,sealand,590.2,414.3,1.07,2012-10-01
100001307,100001307,san_diego,US,0.5027,10.00,optical_rgb,none,none,obb+hbb,train,coord_match,32.6623,-117.121053,18,1091,826,1,sealand,548.5,415.3,1.07,2012-10-01
100001308,100001308,san_diego,US,0.5027,10.00,optical_rgb,none,none,obb+hbb,test,coord_match,32.6623,-117.121053,18,955,768,1,sealand,480.1,386.1,1.07,2012-10-01
100001309,100001309,san_diego,US,0.5027,10.00,optical_rgb,none,none,obb+hbb,test,coord_match,32.6623,-117.121053,18,945,782,1,sealand,475.1,393.1,1.07,2010-09-01
100001310,100001310,san_diego,US,0.5027,10.00,optical_rgb,none,none,obb+hbb,train,coord_match,32.6623,-117.121053,18,1176,794,3,sealand,591.2,399.2,1.07,2010-09-01
100001311,100001311,san_diego,US,0.5027,10.00,optical_rgb,none,none,obb+hbb,val,coord_match,32.6623,-117.121053,18,1095,700,3,sealand,550.5,351.9,1.07,2010-09-01
100001312,100001312,san_diego,US,0.5027,10.00,optical_rgb,none,none,obb+hbb,val,coord_match,32.6623,-117.121053,18,1095,805,6,sealand,550.5,404.7,1.07,2010-09-01
100001313,100001313,san_diego,US,0.5027,10.00,optical_rgb,none,none,obb+hbb,test,coord_match,32.6623,-117.121053,18,1177,821,4,sealand,591.7,412.7,1.07,2010-09-01
100001314,100001314,san_diego,US,0.5027,10.00,optical_rgb,none,none,obb+hbb,train,coord_match,32.6623,-117.121053,18,1185,820,4,sealand,595.7,412.2,1.07,2010-09-01
100001315,100001315,san_diego,US,0.5027,10.00,optical_rgb,none,none,obb+hbb,test,coord_match,32.6623,-117.121053,18,1180,822,4,sealand,593.2,413.2,1.07,2010-09-01
100001316,100001316,san_diego,US,0.5027,10.00,optical_rgb,none,none,obb+hbb,test,coord_match,32.6623,-117.121053,18,1180,835,6,sealand,593.2,419.8,1.07,2010-09-01
100001317,100001317,san_diego,US,0.5027,10.00,optical_rgb,none,none,obb+hbb,val,coord_match,32.6623,-117.121053,18,1011,700,2,sealand,508.3,351.9,1.07,2010-09-01
100001318,100001318,san_diego,US,0.5027,10.00,optical_rgb,none,none,obb+hbb,train,coord_match,32.6623,-117.121053,18,1105,709,4,sealand,555.5,356.4,1.07,2010-09-01
100001319,100001319,san_diego,US,0.5027,10.00,optical_rgb,none,none,obb+hbb,train,coord_match,32.6623,-117.121053,18,1158,792,4,sealand,582.2,398.2,1.07,2010-09-01
100001320,100001320,san_diego,US,0.5027,10.00,optical_rgb,none,none,obb+hbb,train,coord_match,32.6623,-117.121053,18,1151,818,8,sealand,578.6,411.2,1.07,2010-09-01
100001321,100001321,san_diego,US,0.5027,10.00,optical_rgb,none,none,obb+hbb,train,coord_match,32.6623,-117.121053,18,1169,831,6,sealand,587.7,417.8,1.07,2010-09-01
100001322,100001322,san_diego,US,0.5027,10.00,optical_rgb,none,none,obb+hbb,test,coord_match,32.6623,-117.121053,18,1101,605,4,sealand,553.5,304.2,1.07,2010-09-01
100001323,100001323,san_diego,US,0.5027,10.00,optical_rgb,none,none,obb+hbb,val,coord_match,32.6623,-117.121053,18,969,798,3,sealand,487.1,401.2,1.07,2010-09-01
100001324,100001324,san_diego,US,0.5027,10.00,optical_rgb,none,none,obb+hbb,val,coord_match,32.6623,-117.121053,18,1122,810,4,sealand,564.1,407.2,1.07,2010-09-01
100001325,100001325,san_diego,US,0.5027,10.00,optical_rgb,none,none,obb+hbb,test,coord_match,32.6623,-117.121053,18,834,708,1,sealand,419.3,355.9,1.07,2010-09-01
100001326,100001326,san_diego,US,0.5027,10.00,optical_rgb,none,none,obb+hbb,test,coord_match,32.6623,-117.121053,18,1013,799,1,sealand,509.3,401.7,1.07,2010-09-01
100001327,100001327,san_diego,US,0.5027,10.00,optical_rgb,none,none,obb+hbb,train,coord_match,32.6623,-117.121053,18,1181,828,1,sealand,593.7,416.3,1.07,2010-09-01
100001328,100001328,san_diego,US,0.5027,10.00,optical_rgb,none,none,obb+hbb,train,coord_match,32.6623,-117.121053,18,1066,712,1,sealand,535.9,357.9,1.07,2010-09-01
100001329,100001329,san_diego,US,0.5027,10.00,optical_rgb,none,none,obb+hbb,train,coord_match,32.6623,-117.121053,18,1157,826,1,sealand,581.7,415.3,1.07,2010-09-01
100001330,100001330,san_diego,US,0.5027,10.00,optical_rgb,none,none,obb+hbb,train,coord_match,32.6623,-117.121053,18,1162,822,1,sealand,584.2,413.2,1.07,2010-09-01
100001331,100001331,san_diego,US,0.5027,10.00,optical_rgb,none,none,obb+hbb,test,coord_match,32.6623,-117.121053,18,1117,807,2,sealand,561.6,405.7,1.07,2010-09-01
100001332,100001332,san_diego,US,0.5027,10.00,optical_rgb,none,none,obb+hbb,test,coord_match,32.6623,-117.121053,18,849,699,1,sealand,426.8,351.4,1.07,2010-09-01
100001333,100001333,san_diego,US,0.5027,10.00,optical_rgb,none,none,obb+hbb,test,coord_match,32.6623,-117.121053,18,982,783,1,sealand,493.7,393.6,1.07,2010-08-01
100001334,100001334,san_diego,US,0.5027,10.00,optical_rgb,none,none,obb+hbb,val,coord_match,32.6623,-117.121053,18,925,754,2,sealand,465.0,379.1,1.07,2010-08-01
100001335,100001335,san_diego,US,0.5027,10.00,optical_rgb,none,none,obb+hbb,train,coord_match,32.6623,-117.121053,18,1174,826,7,sealand,590.2,415.3,1.07,2010-08-01
100001336,100001336,san_diego,US,0.5027,10.00,optical_rgb,none,none,obb+hbb,val,coord_match,32.6623,-117.121053,18,1046,743,3,sealand,525.9,373.5,1.07,2010-08-01
100001337,100001337,san_diego,US,0.5027,10.00,optical_rgb,none,none,obb+hbb,val,coord_match,32.6623,-117.121053,18,871,577,3,sealand,437.9,290.1,1.07,2010-08-01
100001338,100001338,san_diego,US,0.5027,10.00,optical_rgb,none,none,obb+hbb,train,coord_match,32.6623,-117.121053,18,1094,621,4,sealand,550.0,312.2,1.07,2010-08-01
100001339,100001339,san_diego,US,0.5027,10.00,optical_rgb,none,none,obb+hbb,test,coord_match,32.6623,-117.121053,18,1178,829,7,sealand,592.2,416.8,1.07,2010-08-01
100001340,100001340,san_diego,US,0.5027,10.00,optical_rgb,none,none,obb+hbb,test,coord_match,32.6623,-117.121053,18,1000,683,5,sealand,502.7,343.4,1.07,2010-08-01
100001341,100001341,san_diego,US,0.5027,10.00,optical_rgb,none,none,obb+hbb,train,coord_match,32.6623,-117.121053,18,777,658,1,sealand,390.6,330.8,1.07,2010-08-01
100001342,100001342,san_diego,US,0.5027,10.00,optical_rgb,none,none,obb+hbb,test,coord_match,32.6623,-117.121053,18,1162,832,4,sealand,584.2,418.3,1.07,2010-08-01
100001343,100001343,san_diego,US,0.5027,10.00,optical_rgb,none,none,obb+hbb,test,coord_match,32.6623,-117.121053,18,1122,836,4,sealand,564.1,420.3,1.07,2010-08-01
100001344,100001344,san_diego,US,0.5027,10.00,optical_rgb,none,none,obb+hbb,train,coord_match,32.6623,-117.121053,18,1059,789,2,sealand,532.4,396.7,1.07,2010-08-01
100001345,100001345,san_diego,US,0.5027,10.00,optical_rgb,none,none,obb+hbb,val,coord_match,32.6623,-117.121053,18,1134,814,1,sealand,570.1,409.2,1.07,2010-08-01
100001346,100001346,san_diego,US,0.5027,10.00,optical_rgb,none,none,obb+hbb,train,coord_match,32.6623,-117.121053,18,1173,834,1,sealand,589.7,419.3,1.07,2010-08-01
100001347,100001347,san_diego,US,0.5027,10.00,optical_rgb,none,none,obb+hbb,test,coord_match,32.6623,-117.121053,18,1160,833,5,sealand,583.2,418.8,1.07,2010-08-01
100001348,100001348,san_diego,US,0.5027,10.00,optical_rgb,none,none,obb+hbb,train,coord_match,32.6623,-117.121053,18,1124,820,1,sealand,565.1,412.2,1.07,2010-08-01
100001349,100001349,san_diego,US,0.5027,10.00,optical_rgb,none,none,obb+hbb,test,coord_match,32.6623,-117.121053,18,1124,816,1,sealand,565.1,410.2,1.07,2010-08-01
100001350,100001350,san_diego,US,0.5027,10.00,optical_rgb,none,none,obb+hbb,train,coord_match,32.6623,-117.121053,18,1003,774,1,sealand,504.2,389.1,1.07,2010-08-01
100001351,100001351,san_diego,US,0.5027,10.00,optical_rgb,none,none,obb+hbb,train,coord_match,32.6623,-117.121053,18,1168,800,3,sealand,587.2,402.2,1.07,2010-05-01
100001352,100001352,san_diego,US,0.5027,10.00,optical_rgb,none,none,obb+hbb,train,coord_match,32.6623,-117.121053,18,1147,761,4,sealand,576.6,382.6,1.07,2010-05-01
100001353,100001353,san_diego,US,0.5027,10.00,optical_rgb,none,none,obb+hbb,val,coord_match,32.6623,-117.121053,18,1039,685,3,sealand,522.3,344.4,1.07,2010-05-01
100001354,100001354,san_diego,US,0.5027,10.00,optical_rgb,none,none,obb+hbb,train,coord_match,32.6623,-117.121053,18,943,798,2,sealand,474.1,401.2,1.07,2010-05-01
100001355,100001355,san_diego,US,0.5027,10.00,optical_rgb,none,none,obb+hbb,train,coord_match,32.6623,-117.121053,18,964,808,4,sealand,484.6,406.2,1.07,2010-05-01
100001356,100001356,san_diego,US,0.5027,10.00,optical_rgb,none,none,obb+hbb,test,coord_match,32.6623,-117.121053,18,1044,798,7,sealand,524.9,401.2,1.07,2010-05-01
100001357,100001357,san_diego,US,0.5027,10.00,optical_rgb,none,none,obb+hbb,train,coord_match,32.6623,-117.121053,18,1150,786,9,sealand,578.1,395.1,1.07,2010-05-01
100001358,100001358,san_diego,US,0.5027,10.00,optical_rgb,none,none,obb+hbb,val,coord_match,32.6623,-117.121053,18,1199,811,12,sealand,602.8,407.7,1.07,2010-05-01
100001359,100001359,san_diego,US,0.5027,10.00,optical_rgb,none,none,obb+hbb,test,coord_match,32.6623,-117.121053,18,1148,787,1,sealand,577.1,395.7,1.07,2009-06-01
100001360,100001360,san_diego,US,0.5027,10.00,optical_rgb,none,none,obb+hbb,train,coord_match,32.6623,-117.121053,18,1047,742,2,sealand,526.4,373.0,1.07,2009-06-01
100001361,100001361,san_diego,US,0.5027,10.00,optical_rgb,none,none,obb+hbb,val,coord_match,32.6623,-117.121053,18,1063,797,4,sealand,534.4,400.7,1.07,2009-06-01
100001362,100001362,san_diego,US,0.5027,10.00,optical_rgb,none,none,obb+hbb,val,coord_match,32.6623,-117.121053,18,709,762,3,sealand,356.4,383.1,1.07,2009-06-01
100001363,100001363,san_diego,US,0.5027,10.00,optical_rgb,none,none,obb+hbb,train,coord_match,32.6623,-117.121053,18,908,756,4,sealand,456.5,380.1,1.07,2009-06-01
100001364,100001364,san_diego,US,0.5027,10.00,optical_rgb,none,none,obb+hbb,train,coord_match,32.6623,-117.121053,18,1189,830,5,sealand,597.7,417.3,1.07,2009-06-01
100001365,100001365,san_diego,US,0.5027,10.00,optical_rgb,none,none,obb+hbb,train,coord_match,32.6623,-117.121053,18,1149,820,7,sealand,577.6,412.2,1.07,2009-06-01
100001366,100001366,san_diego,US,0.5027,10.00,optical_rgb,none,none,obb+hbb,val,coord_match,32.6623,-117.121053,18,1153,832,5,sealand,579.7,418.3,1.07,2009-06-01
100001367,100001367,san_diego,US,0.5027,10.00,optical_rgb,none,none,obb+hbb,train,coord_match,32.6623,-117.121053,18,1109,788,3,sealand,557.5,396.2,1.07,2009-06-01
100001368,100001368,san_diego,US,0.5027,10.00,optical_rgb,none,none,obb+hbb,train,coord_match,32.6623,-117.121053,18,1081,823,3,sealand,543.5,413.7,1.07,2009-06-01
100001369,100001369,san_diego,US,0.5027,10.00,optical_rgb,none,none,obb+hbb,test,coord_match,32.6623,-117.121053,18,1045,789,1,sealand,525.4,396.7,1.07,2009-06-01
100001370,100001370,san_diego,US,0.5027,10.00,optical_rgb,none,none,obb+hbb,train,coord_match,32.6623,-117.121053,18,1151,820,1,sealand,578.6,412.2,1.07,2009-06-01
100001371,100001371,san_diego,US,0.5027,10.00,optical_rgb,none,none,obb+hbb,train,coord_match,32.6623,-117.121053,18,891,718,1,sealand,447.9,361.0,1.07,2009-06-01
100001372,100001372,san_diego,US,0.5027,10.00,optical_rgb,none,none,obb+hbb,train,coord_match,32.6623,-117.121053,18,1037,811,1,sealand,521.3,407.7,1.07,2009-06-01
100001373,100001373,san_diego,US,0.5027,10.00,optical_rgb,none,none,obb+hbb,val,coord_match,32.6623,-117.121053,18,784,689,1,sea,394.1,346.4,1.07,2008-03-01
100001374,100001374,san_diego,US,0.5027,10.00,optical_rgb,none,none,obb+hbb,train,coord_match,32.6623,-117.121053,18,735,670,3,sealand,369.5,336.8,1.07,2008-03-01
100001375,100001375,san_diego,US,0.5027,10.00,optical_rgb,none,none,obb+hbb,test,coord_match,32.6623,-117.121053,18,916,666,3,sealand,460.5,334.8,1.07,2008-03-01
100001376,100001376,san_diego,US,0.5027,10.00,optical_rgb,none,none,obb+hbb,val,coord_match,32.6623,-117.121053,18,861,722,5,sealand,432.9,363.0,1.07,2008-03-01
100001377,100001377,san_diego,US,0.5027,10.00,optical_rgb,none,none,obb+hbb,test,coord_match,32.6623,-117.121053,18,1047,819,4,sealand,526.4,411.7,1.07,2008-03-01
100001378,100001378,san_diego,US,0.5027,10.00,optical_rgb,none,none,obb+hbb,train,coord_match,32.6623,-117.121053,18,924,825,7,sealand,464.5,414.8,1.07,2008-03-01
100001379,100001379,san_diego,US,0.5027,10.00,optical_rgb,none,none,obb+hbb,test,coord_match,32.6623,-117.121053,18,987,828,5,sealand,496.2,416.3,1.07,2008-03-01
100001380,100001380,san_diego,US,0.5027,10.00,optical_rgb,none,none,obb+hbb,test,coord_match,32.6623,-117.121053,18,1117,820,4,sealand,561.6,412.2,1.07,2008-03-01
100001381,100001381,san_diego,US,0.5027,10.00,optical_rgb,none,none,obb+hbb,test,coord_match,32.6623,-117.121053,18,1138,818,5,sealand,572.1,411.2,1.07,2008-03-01
100001382,100001382,san_diego,US,0.5027,10.00,optical_rgb,none,none,obb+hbb,train,coord_match,32.6623,-117.121053,18,1159,817,4,sealand,582.7,410.7,1.07,2008-03-01
100001383,100001383,san_diego,US,0.5027,10.00,optical_rgb,none,none,obb+hbb,train,coord_match,32.6623,-117.121053,18,1120,813,1,sealand,563.1,408.7,1.07,2008-03-01
100001384,100001384,san_diego,US,0.5027,10.00,optical_rgb,none,none,obb+hbb,test,coord_match,32.6623,-117.121053,18,944,804,1,sealand,474.6,404.2,1.07,2008-03-01
100001385,100001385,san_diego,US,0.5027,10.00,optical_rgb,none,none,obb+hbb,test,coord_match,32.6623,-117.121053,18,1017,772,1,sealand,511.3,388.1,1.07,2008-03-01
100001386,100001386,san_diego,US,0.5027,10.00,optical_rgb,none,none,obb+hbb,train,coord_match,32.6623,-117.121053,18,874,790,1,sealand,439.4,397.2,1.07,2008-03-01
100001387,100001387,san_diego,US,0.5027,10.00,optical_rgb,none,none,obb+hbb,test,coord_match,32.6623,-117.121053,18,1095,795,1,sealand,550.5,399.7,1.07,2008-03-01
100001388,100001388,san_diego,US,0.5027,10.00,optical_rgb,none,none,obb+hbb,train,coord_match,32.6623,-117.121053,18,782,653,1,sealand,393.1,328.3,1.07,2008-03-01
100001389,100001389,san_diego,US,0.5027,10.00,optical_rgb,none,none,obb+hbb,test,coord_match,32.6623,-117.121053,18,993,792,3,sea,499.2,398.2,1.07,2008-02-01
100001390,100001390,san_diego,US,0.5027,10.00,optical_rgb,none,none,obb+hbb,train,coord_match,32.6623,-117.121053,18,1173,824,4,sealand,589.7,414.3,1.07,2008-02-01
100001391,100001391,san_diego,US,0.5027,10.00,optical_rgb,none,none,obb+hbb,test,coord_match,32.6623,-117.121053,18,1096,811,2,sealand,551.0,407.7,1.07,2008-02-01
100001392,100001392,san_diego,US,0.5027,10.00,optical_rgb,none,none,obb+hbb,test,coord_match,32.6623,-117.121053,18,1183,811,3,sealand,594.7,407.7,1.07,2008-02-01
100001393,100001393,san_diego,US,0.5027,10.00,optical_rgb,none,none,obb+hbb,train,coord_match,32.6623,-117.121053,18,1152,817,4,sealand,579.1,410.7,1.07,2008-02-01
100001394,100001394,san_diego,US,0.5027,10.00,optical_rgb,none,none,obb+hbb,test,coord_match,32.6623,-117.121053,18,1171,815,4,sealand,588.7,409.7,1.07,2008-02-01
100001395,100001395,san_diego,US,0.5027,10.00,optical_rgb,none,none,obb+hbb,train,coord_match,32.6623,-117.121053,18,1189,826,5,sealand,597.7,415.3,1.07,2008-02-01
100001396,100001396,san_diego,US,0.5027,10.00,optical_rgb,none,none,obb+hbb,val,coord_match,32.6623,-117.121053,18,1151,822,4,sealand,578.6,413.2,1.07,2008-02-01
100001397,100001397,san_diego,US,0.5027,10.00,optical_rgb,none,none,obb+hbb,train,coord_match,32.6623,-117.121053,18,1078,702,4,sealand,541.9,352.9,1.07,2008-02-01
100001398,100001398,san_diego,US,0.5027,10.00,optical_rgb,none,none,obb+hbb,train,coord_match,32.6623,-117.121053,18,968,779,3,sealand,486.6,391.6,1.07,2008-02-01
100001399,100001399,san_diego,US,0.5027,10.00,optical_rgb,none,none,obb+hbb,test,coord_match,32.6623,-117.121053,18,1166,833,3,sealand,586.2,418.8,1.07,2008-02-01
100001400,100001400,san_diego,US,0.5027,10.00,optical_rgb,none,none,obb+hbb,val,coord_match,32.6623,-117.121053,18,991,815,2,sealand,498.2,409.7,1.07,2008-02-01
100001401,100001401,san_diego,US,0.5027,10.00,optical_rgb,none,none,obb+hbb,train,coord_match,32.6623,-117.121053,18,950,667,1,sealand,477.6,335.3,1.07,2008-02-01
100001402,100001402,san_diego,US,0.5027,10.00,optical_rgb,none,none,obb+hbb,test,coord_match,32.6623,-117.121053,18,1025,759,1,sealand,515.3,381.6,1.07,2008-02-01
100001403,100001403,san_diego,US,0.5027,10.00,optical_rgb,none,none,obb+hbb,train,coord_match,32.6623,-117.121053,18,886,748,1,sealand,445.4,376.0,1.07,2008-01-01
100001404,100001404,san_diego,US,0.5027,10.00,optical_rgb,none,none,obb+hbb,train,coord_match,32.6623,-117.121053,18,865,779,2,sealand,434.9,391.6,1.07,2008-01-01
100001405,100001405,san_diego,US,0.5027,10.00,optical_rgb,none,none,obb+hbb,train,coord_match,32.6623,-117.121053,18,1118,811,3,sealand,562.1,407.7,1.07,2008-01-01
100001406,100001406,san_diego,US,0.5027,10.00,optical_rgb,none,none,obb+hbb,test,coord_match,32.6623,-117.121053,18,1039,787,1,sealand,522.3,395.7,1.07,2007-05-01
100001407,100001407,san_diego,US,0.5027,10.00,optical_rgb,none,none,obb+hbb,val,coord_match,32.6623,-117.121053,18,1125,796,5,sealand,565.6,400.2,1.07,2007-05-01
100001408,100001408,san_diego,US,0.5027,10.00,optical_rgb,none,none,obb+hbb,train,coord_match,32.6623,-117.121053,18,1122,779,5,sealand,564.1,391.6,1.07,2007-05-01
100001409,100001409,san_diego,US,0.5027,10.00,optical_rgb,none,none,obb+hbb,test,coord_match,32.6623,-117.121053,18,1091,711,1,sealand,548.5,357.4,1.07,2007-05-01
100001410,100001410,san_diego,US,0.5027,10.00,optical_rgb,none,none,obb+hbb,test,coord_match,32.6623,-117.121053,18,1176,816,7,sealand,591.2,410.2,1.07,2007-05-01
100001411,100001411,san_diego,US,0.5027,10.00,optical_rgb,none,none,obb+hbb,train,coord_match,32.6623,-117.121053,18,765,650,2,sea,384.6,326.8,1.07,2007-05-01
100001412,100001412,san_diego,US,0.5027,10.00,optical_rgb,none,none,obb+hbb,test,coord_match,32.6623,-117.121053,18,1140,807,3,sealand,573.1,405.7,1.07,2007-05-01
100001413,100001413,san_diego,US,0.5027,10.00,optical_rgb,none,none,obb+hbb,val,coord_match,32.6623,-117.121053,18,1157,821,4,sealand,581.7,412.7,1.07,2007-05-01
100001414,100001414,san_diego,US,0.5027,10.00,optical_rgb,none,none,obb+hbb,test,coord_match,32.6623,-117.121053,18,949,820,3,sealand,477.1,412.2,1.07,2007-05-01
100001415,100001415,san_diego,US,0.5027,10.00,optical_rgb,none,none,obb+hbb,val,coord_match,32.6623,-117.121053,18,1158,811,3,sealand,582.2,407.7,1.07,2007-05-01
100001416,100001416,san_diego,US,0.5027,10.00,optical_rgb,none,none,obb+hbb,test,coord_match,32.6623,-117.121053,18,1109,795,1,sealand,557.5,399.7,1.07,2007-05-01
100001417,100001417,san_diego,US,0.5027,10.00,optical_rgb,none,none,obb+hbb,test,coord_match,32.6623,-117.121053,18,1071,754,1,sealand,538.4,379.1,1.07,2007-05-01
100001418,100001418,san_diego,US,0.5027,10.00,optical_rgb,none,none,obb+hbb,train,coord_match,32.6623,-117.121053,18,901,808,2,sealand,453.0,406.2,1.07,2006-01-01
100001419,100001419,san_diego,US,0.5027,10.00,optical_rgb,none,none,obb+hbb,train,coord_match,32.6623,-117.121053,18,1181,829,5,sealand,593.7,416.8,1.07,2006-01-01
100001420,100001420,san_diego,US,0.5027,10.00,optical_rgb,none,none,obb+hbb,train,coord_match,32.6623,-117.121053,18,1164,799,2,sealand,585.2,401.7,1.07,2006-01-01
100001421,100001421,san_diego,US,0.5027,10.00,optical_rgb,none,none,obb+hbb,train,coord_match,32.6623,-117.121053,18,863,762,1,sealand,433.9,383.1,1.07,2006-01-01
100001422,100001422,san_diego,US,0.5027,10.00,optical_rgb,none,none,obb+hbb,test,coord_match,32.6623,-117.121053,18,1144,830,15,sealand,575.1,417.3,1.07,2006-01-01
100001423,100001423,san_diego,US,0.5027,10.00,optical_rgb,none,none,obb+hbb,test,coord_match,32.6623,-117.121053,18,1151,829,6,sealand,578.6,416.8,1.07,2006-01-01
100001424,100001424,san_diego,US,0.5027,10.00,optical_rgb,none,none,obb+hbb,test,coord_match,32.6623,-117.121053,18,1063,762,2,sealand,534.4,383.1,1.07,2006-01-01
100001425,100001425,san_diego,US,0.5027,10.00,optical_rgb,none,none,obb+hbb,train,coord_match,32.6623,-117.121053,18,1149,823,3,sealand,577.6,413.7,1.07,2006-01-01
100001426,100001426,san_diego,US,0.5027,10.00,optical_rgb,none,none,obb+hbb,train,coord_match,32.6623,-117.121053,18,1091,820,1,sealand,548.5,412.2,1.07,2006-01-01
100001427,100001427,san_diego,US,0.5027,10.00,optical_rgb,none,none,obb+hbb,test,coord_match,32.6623,-117.121053,18,1156,825,4,sealand,581.2,414.8,1.07,2006-01-01
100001428,100001428,san_diego,US,0.5027,10.00,optical_rgb,none,none,obb+hbb,val,coord_match,32.6623,-117.121053,18,997,807,1,sealand,501.2,405.7,1.07,2006-01-01
100001429,100001429,san_diego,US,0.5027,10.00,optical_rgb,none,none,obb+hbb,test,coord_match,32.6623,-117.121053,18,829,718,2,sealand,416.8,361.0,1.07,2006-01-01
100001430,100001430,san_diego,US,0.5027,10.00,optical_rgb,none,none,obb+hbb,test,coord_match,32.6623,-117.121053,18,1155,807,1,sealand,580.7,405.7,1.07,2006-01-01
100001431,100001431,san_diego,US,1.0055,10.00,optical_rgb,none,none,obb+hbb,test,coord_match,32.6623,-117.121053,17,1120,827,6,sealand,1126.1,831.5,2.15,2005-12-01
100001432,100001432,san_diego,US,1.0055,10.00,optical_rgb,none,none,obb+hbb,train,coord_match,32.6623,-117.121053,17,1103,826,8,sealand,1109.0,830.5,2.15,2005-12-01
100001433,100001433,san_diego,US,1.0055,10.00,optical_rgb,none,none,obb+hbb,test,coord_match,32.6623,-117.121053,17,840,653,2,sealand,844.6,656.6,2.15,2005-12-01
100001434,100001434,san_diego,US,1.0055,10.00,optical_rgb,none,none,obb+hbb,train,coord_match,32.6623,-117.121053,17,1018,803,3,sealand,1023.6,807.4,2.15,2005-12-01
100001435,100001435,san_diego,US,1.0055,10.00,optical_rgb,none,none,obb+hbb,train,coord_match,32.6623,-117.121053,17,988,792,1,sealand,993.4,796.3,2.15,2005-12-01
100001436,100001436,san_diego,US,1.0055,10.00,optical_rgb,none,none,obb+hbb,train,coord_match,32.6623,-117.121053,17,1052,781,1,sealand,1057.7,785.3,2.15,2005-12-01
100001437,100001437,san_diego,US,0.5027,10.00,optical_rgb,none,none,obb+hbb,train,coord_match,32.6623,-117.121053,18,1035,762,4,sea,520.3,383.1,1.07,2005-11-01
100001438,100001438,san_diego,US,0.5027,10.00,optical_rgb,none,none,obb+hbb,val,coord_match,32.6623,-117.121053,18,834,683,1,sealand,419.3,343.4,1.07,2005-11-01
100001439,100001439,san_diego,US,0.5027,10.00,optical_rgb,none,none,obb+hbb,test,coord_match,32.6623,-117.121053,18,937,736,1,sealand,471.1,370.0,1.07,2005-11-01
100001440,100001440,san_diego,US,0.5027,10.00,optical_rgb,none,none,obb+hbb,test,coord_match,32.6623,-117.121053,18,1110,831,3,sealand,558.0,417.8,1.07,2005-11-01
100001441,100001441,san_diego,US,0.5027,10.00,optical_rgb,none,none,obb+hbb,test,coord_match,32.6623,-117.121053,18,1123,833,5,sealand,564.6,418.8,1.07,2005-11-01
100001442,100001442,san_diego,US,0.5027,10.00,optical_rgb,none,none,obb+hbb,test,coord_match,32.6623,-117.121053,18,895,743,2,sealand,449.9,373.5,1.07,2005-11-01
100001443,100001443,san_diego,US,0.5027,10.00,optical_rgb,none,none,obb+hbb,test,coord_match,32.6623,-117.121053,18,1179,834,3,sealand,592.7,419.3,1.07,2005-11-01
100001444,100001444,san_diego,US,0.5027,10.00,optical_rgb,none,none,obb+hbb,test,coord_match,32.6623,-117.121053,18,1032,794,3,sealand,518.8,399.2,1.07,2005-11-01
100001445,100001445,san_diego,US,0.5027,10.00,optical_rgb,none,none,obb+hbb,test,coord_match,32.6623,-117.121053,18,1003,809,4,sealand,504.2,406.7,1.07,2005-11-01
100001446,100001446,san_diego,US,0.5027,10.00,optical_rgb,none,none,obb+hbb,train,coord_match,32.6623,-117.121053,18,1150,822,3,sealand,578.1,413.2,1.07,2005-11-01
100001447,100001447,san_diego,US,0.5027,10.00,optical_rgb,none,none,obb+hbb,train,coord_match,32.6623,-117.121053,18,1002,816,1,sealand,503.7,410.2,1.07,2005-11-01
100001448,100001448,san_diego,US,0.5027,10.00,optical_rgb,none,none,obb+hbb,test,coord_match,32.6623,-117.121053,18,840,788,1,sealand,422.3,396.2,1.07,2005-11-01
100001449,100001449,san_diego,US,0.5027,10.00,optical_rgb,none,none,obb+hbb,test,coord_match,32.6623,-117.121053,18,754,752,3,sealand,379.1,378.1,1.07,2005-11-01
100001450,100001450,san_diego,US,0.5027,10.00,optical_rgb,none,none,obb+hbb,train,coord_match,32.6623,-117.121053,18,1089,815,1,sealand,547.5,409.7,1.07,2005-11-01
100001451,100001451,san_diego,US,0.5027,10.00,optical_rgb,none,none,obb+hbb,train,coord_match,32.6623,-117.121053,18,1158,822,4,sealand,582.2,413.2,1.07,2005-08-01
100001452,100001452,san_diego,US,0.5027,10.00,optical_rgb,none,none,obb+hbb,test,coord_match,32.6623,-117.121053,18,1147,799,2,sealand,576.6,401.7,1.07,2005-08-01
100001453,100001453,san_diego,US,0.5027,10.00,optical_rgb,none,none,obb+hbb,test,coord_match,32.6623,-117.121053,18,1147,824,5,sealand,576.6,414.3,1.07,2005-08-01
100001454,100001454,san_diego,US,0.5027,10.00,optical_rgb,none,none,obb+hbb,test,coord_match,32.6623,-117.121053,18,1157,823,6,sealand,581.7,413.7,1.07,2005-08-01
100001455,100001455,san_diego,US,0.5027,10.00,optical_rgb,none,none,obb+hbb,test,coord_match,32.6623,-117.121053,18,1145,831,5,sealand,575.6,417.8,1.07,2005-08-01
100001456,100001456,san_diego,US,0.5027,10.00,optical_rgb,none,none,obb+hbb,val,coord_match,32.6623,-117.121053,18,917,690,1,sealand,461.0,346.9,1.07,2005-08-01
100001457,100001457,san_diego,US,0.5027,10.00,optical_rgb,none,none,obb+hbb,test,coord_match,32.6623,-117.121053,18,1172,825,4,sealand,589.2,414.8,1.07,2005-08-01
100001458,100001458,san_diego,US,0.5027,10.00,optical_rgb,none,none,obb+hbb,test,coord_match,32.6623,-117.121053,18,900,762,1,sealand,452.5,383.1,1.07,2005-08-01
100001459,100001459,san_diego,US,0.5027,10.00,optical_rgb,none,none,obb+hbb,val,coord_match,32.6623,-117.121053,18,1170,838,1,sealand,588.2,421.3,1.07,2005-08-01
100001460,100001460,san_diego,US,0.5027,10.00,optical_rgb,none,none,obb+hbb,train,coord_match,32.6623,-117.121053,18,1041,782,1,sealand,523.3,393.1,1.07,2005-08-01
100001461,100001461,san_diego,US,0.5027,10.00,optical_rgb,none,none,obb+hbb,test,coord_match,32.6623,-117.121053,18,1023,775,2,sealand,514.3,389.6,1.07,2005-03-01
100001462,100001462,san_diego,US,0.5027,10.00,optical_rgb,none,none,obb+hbb,train,coord_match,32.6623,-117.121053,18,1181,828,3,sealand,593.7,416.3,1.07,2005-03-01
100001463,100001463,san_diego,US,0.5027,10.00,optical_rgb,none,none,obb+hbb,train,coord_match,32.6623,-117.121053,18,1023,732,2,sealand,514.3,368.0,1.07,2005-03-01
100001464,100001464,san_diego,US,0.5027,10.00,optical_rgb,none,none,obb+hbb,train,coord_match,32.6623,-117.121053,18,1171,818,5,sealand,588.7,411.2,1.07,2005-03-01
100001465,100001465,san_diego,US,0.5027,10.00,optical_rgb,none,none,obb+hbb,test,coord_match,32.6623,-117.121053,18,1007,719,3,sealand,506.3,361.5,1.07,2005-03-01
100001466,100001466,san_diego,US,0.5027,10.00,optical_rgb,none,none,obb+hbb,train,coord_match,32.6623,-117.121053,18,1011,809,3,sealand,508.3,406.7,1.07,2005-03-01
100001467,100001467,san_diego,US,0.5027,10.00,optical_rgb,none,none,obb+hbb,test,coord_match,32.6623,-117.121053,18,1131,787,3,sealand,568.6,395.7,1.07,2005-03-01
100001468,100001468,san_diego,US,0.5027,10.00,optical_rgb,none,none,obb+hbb,test,coord_match,32.6623,-117.121053,18,977,769,1,sealand,491.2,386.6,1.07,2005-03-01
100001469,100001469,san_diego,US,0.5027,10.00,optical_rgb,none,none,obb+hbb,test,coord_match,32.6623,-117.121053,18,1156,822,1,sealand,581.2,413.2,1.07,2005-03-01
100001470,100001470,san_diego,US,0.5027,10.00,optical_rgb,none,none,obb+hbb,train,coord_match,32.6623,-117.121053,18,1083,790,3,sealand,544.5,397.2,1.07,2005-03-01
100001471,100001471,san_diego,US,0.5027,10.00,optical_rgb,none,none,obb+hbb,test,coord_match,32.6623,-117.121053,18,1187,827,2,sealand,596.7,415.8,1.07,2005-03-01
100001472,100001472,san_diego,US,0.5027,10.00,optical_rgb,none,none,obb+hbb,test,coord_match,32.6623,-117.121053,18,1179,793,3,sealand,592.7,398.7,1.07,2004-12-01
100001473,100001473,san_diego,US,0.5027,10.00,optical_rgb,none,none,obb+hbb,train,coord_match,32.6623,-117.121053,18,1017,790,2,sealand,511.3,397.2,1.07,2004-12-01
100001474,100001474,san_diego,US,0.5027,10.00,optical_rgb,none,none,obb+hbb,train,coord_match,32.6623,-117.121053,18,1154,788,2,sealand,580.2,396.2,1.07,2004-12-01
100001475,100001475,san_diego,US,0.5027,10.00,optical_rgb,none,none,obb+hbb,val,coord_match,32.6623,-117.121053,18,1188,844,10,sealand,597.2,424.3,1.07,2004-12-01
100001476,100001476,san_diego,US,0.5027,10.00,optical_rgb,none,none,obb+hbb,val,coord_match,32.6623,-117.121053,18,1185,831,11,sealand,595.7,417.8,1.07,2004-12-01
100001477,100001477,san_diego,US,0.5027,10.00,optical_rgb,none,none,obb+hbb,test,coord_match,32.6623,-117.121053,18,1152,820,8,sealand,579.1,412.2,1.07,2004-12-01
100001478,100001478,san_diego,US,0.5027,10.00,optical_rgb,none,none,obb+hbb,val,coord_match,32.6623,-117.121053,18,981,830,4,sealand,493.2,417.3,1.07,2004-12-01
100001479,100001479,san_diego,US,0.5027,10.00,optical_rgb,none,none,obb+hbb,val,coord_match,32.6623,-117.121053,18,1013,771,2,sealand,509.3,387.6,1.07,2004-12-01
100001480,100001480,san_diego,US,0.5027,10.00,optical_rgb,none,none,obb+hbb,test,coord_match,32.6623,-117.121053,18,878,782,2,sealand,441.4,393.1,1.07,2004-12-01
100001481,100001481,san_diego,US,0.5027,10.00,optical_rgb,none,none,obb+hbb,test,coord_match,32.6623,-117.121053,18,1039,801,1,sealand,522.3,402.7,1.07,2004-12-01
100001482,100001482,san_diego,US,0.5027,10.00,optical_rgb,none,none,obb+hbb,test,coord_match,32.6623,-117.121053,18,1052,819,3,sealand,528.9,411.7,1.07,2004-12-01
100001483,100001483,san_diego,US,0.5027,10.00,optical_rgb,none,none,obb+hbb,test,coord_match,32.6623,-117.121053,18,1167,814,1,sealand,586.7,409.2,1.07,2004-12-01
100001484,100001484,san_diego,US,0.5027,10.00,optical_rgb,none,none,obb+hbb,test,coord_match,32.6623,-117.121053,18,1056,794,1,sea,530.9,399.2,1.07,2004-09-01
100001485,100001485,san_diego,US,0.5027,10.00,optical_rgb,none,none,obb+hbb,train,coord_match,32.6623,-117.121053,18,1189,832,7,sealand,597.7,418.3,1.07,2004-09-01
100001486,100001486,san_diego,US,0.5027,10.00,optical_rgb,none,none,obb+hbb,test,coord_match,32.6623,-117.121053,18,1173,825,3,sealand,589.7,414.8,1.07,2004-09-01
100001487,100001487,san_diego,US,0.5027,10.00,optical_rgb,none,none,obb+hbb,test,coord_match,32.6623,-117.121053,18,1191,830,4,sealand,598.8,417.3,1.07,2004-09-01
100001488,100001488,san_diego,US,0.5027,10.00,optical_rgb,none,none,obb+hbb,val,coord_match,32.6623,-117.121053,18,1188,813,7,sealand,597.2,408.7,1.07,2004-09-01
100001489,100001489,san_diego,US,0.5027,10.00,optical_rgb,none,none,obb+hbb,train,coord_match,32.6623,-117.121053,18,1167,752,3,sealand,586.7,378.1,1.07,2004-09-01
100001490,100001490,san_diego,US,0.5027,10.00,optical_rgb,none,none,obb+hbb,test,coord_match,32.6623,-117.121053,18,1130,732,3,sealand,568.1,368.0,1.07,2004-09-01
100001491,100001491,san_diego,US,0.5027,10.00,optical_rgb,none,none,obb+hbb,test,coord_match,32.6623,-117.121053,18,1169,806,2,sealand,587.7,405.2,1.07,2004-09-01
100001492,100001492,san_diego,US,0.5027,10.00,optical_rgb,none,none,obb+hbb,val,coord_match,32.6623,-117.121053,18,1152,824,8,sealand,579.1,414.3,1.07,2004-09-01
100001493,100001493,san_diego,US,0.5027,10.00,optical_rgb,none,none,obb+hbb,train,coord_match,32.6623,-117.121053,18,1174,827,3,sealand,590.2,415.8,1.07,2004-09-01
100001494,100001494,san_diego,US,0.5027,10.00,optical_rgb,none,none,obb+hbb,val,coord_match,32.6623,-117.121053,18,1051,785,1,sealand,528.4,394.6,1.07,2004-09-01
100001495,100001495,san_diego,US,0.5027,10.00,optical_rgb,none,none,obb+hbb,test,coord_match,32.6623,-117.121053,18,1160,824,2,sealand,583.2,414.3,1.07,2004-09-01
100001496,100001496,san_diego,US,0.5027,10.00,optical_rgb,none,none,obb+hbb,val,coord_match,32.6623,-117.121053,18,1139,760,1,sealand,572.6,382.1,1.07,2004-09-01
100001497,100001497,san_diego,US,0.5027,10.00,optical_rgb,none,none,obb+hbb,val,coord_match,32.6623,-117.121053,18,1111,827,1,sealand,558.5,415.8,1.07,2004-09-01
100001498,100001498,san_diego,US,0.5027,10.00,optical_rgb,none,none,obb+hbb,train,coord_match,32.6623,-117.121053,18,1151,826,7,sealand,578.6,415.3,1.07,2004-07-01
100001499,100001499,san_diego,US,0.5027,10.00,optical_rgb,none,none,obb+hbb,test,coord_match,32.6623,-117.121053,18,1155,812,5,sealand,580.7,408.2,1.07,2004-07-01
100001500,100001500,san_diego,US,0.5027,10.00,optical_rgb,none,none,obb+hbb,val,coord_match,32.6623,-117.121053,18,1190,830,7,sealand,598.3,417.3,1.07,2004-07-01
100001501,100001501,san_diego,US,0.5027,10.00,optical_rgb,none,none,obb+hbb,val,coord_match,32.6623,-117.121053,18,1178,837,4,sealand,592.2,420.8,1.07,2004-07-01
100001502,100001502,san_diego,US,0.5027,10.00,optical_rgb,none,none,obb+hbb,test,coord_match,32.6623,-117.121053,18,1177,828,3,sealand,591.7,416.3,1.07,2004-07-01
100001503,100001503,san_diego,US,0.5027,10.00,optical_rgb,none,none,obb+hbb,test,coord_match,32.6623,-117.121053,18,1168,834,5,sealand,587.2,419.3,1.07,2004-07-01
100001504,100001504,san_diego,US,0.5027,10.00,optical_rgb,none,none,obb+hbb,val,coord_match,32.6623,-117.121053,18,1148,812,2,sealand,577.1,408.2,1.07,2004-07-01
100001505,100001505,san_diego,US,0.5027,10.00,optical_rgb,none,none,obb+hbb,test,coord_match,32.6623,-117.121053,18,1151,818,3,sealand,578.6,411.2,1.07,2004-07-01
100001506,100001506,san_diego,US,0.5027,10.00,optical_rgb,none,none,obb+hbb,train,coord_match,32.6623,-117.121053,18,1108,796,1,sealand,557.0,400.2,1.07,2004-07-01
100001507,100001507,san_diego,US,0.5027,10.00,optical_rgb,none,none,obb+hbb,test,coord_match,32.6623,-117.121053,18,1092,830,2,sealand,549.0,417.3,1.07,2004-07-01
100001508,100001508,san_diego,US,0.5027,10.00,optical_rgb,none,none,obb+hbb,train,coord_match,32.6623,-117.121053,18,1152,826,1,sealand,579.1,415.3,1.07,2004-07-01
100001509,100001509,san_diego,US,0.5027,10.00,optical_rgb,none,none,obb+hbb,test,coord_match,32.6623,-117.121053,18,1035,788,1,sea,520.3,396.2,1.07,2004-07-01
100001510,100001510,san_diego,US,0.5027,10.00,optical_rgb,none,none,obb+hbb,train,coord_match,32.6623,-117.121053,18,1164,820,1,sealand,585.2,412.2,1.07,2004-07-01
100001511,100001511,san_diego,US,0.5027,10.00,optical_rgb,none,none,obb+hbb,train,coord_match,32.6623,-117.121053,18,774,602,1,sealand,389.1,302.6,1.07,2004-06-01
100001512,100001512,san_diego,US,0.5027,10.00,optical_rgb,none,none,obb+hbb,test,coord_match,32.6623,-117.121053,18,967,518,1,sealand,486.1,260.4,1.07,2004-06-01
100001513,100001513,san_diego,US,0.5027,10.00,optical_rgb,none,none,obb+hbb,test,coord_match,32.6623,-117.121053,18,935,773,1,sealand,470.1,388.6,1.07,2004-06-01
100001514,100001514,san_diego,US,0.5027,10.00,optical_rgb,none,none,obb+hbb,val,coord_match,32.6623,-117.121053,18,1161,743,3,sealand,583.7,373.5,1.07,2004-06-01
100001515,100001515,san_diego,US,0.5027,10.00,optical_rgb,none,none,obb+hbb,test,coord_match,32.6623,-117.121053,18,1153,835,6,sealand,579.7,419.8,1.07,2004-06-01
100001516,100001516,san_diego,US,0.5027,10.00,optical_rgb,none,none,obb+hbb,val,coord_match,32.6623,-117.121053,18,1157,802,6,sealand,581.7,403.2,1.07,2004-06-01
100001517,100001517,san_diego,US,0.5027,10.00,optical_rgb,none,none,obb+hbb,test,coord_match,32.6623,-117.121053,18,1158,785,7,sealand,582.2,394.6,1.07,2004-06-01
100001518,100001518,san_diego,US,0.5027,10.00,optical_rgb,none,none,obb+hbb,val,coord_match,32.6623,-117.121053,18,1093,826,8,sealand,549.5,415.3,1.07,2004-06-01
100001519,100001519,san_diego,US,0.5027,10.00,optical_rgb,none,none,obb+hbb,val,coord_match,32.6623,-117.121053,18,1132,690,1,sealand,569.1,346.9,1.07,2004-06-01
100001520,100001520,san_diego,US,0.5027,10.00,optical_rgb,none,none,obb+hbb,test,coord_match,32.6623,-117.121053,18,1171,823,2,sealand,588.7,413.7,1.07,2004-06-01
100001521,100001521,san_diego,US,0.5027,10.00,optical_rgb,none,none,obb+hbb,train,coord_match,32.6623,-117.121053,18,993,788,2,sealand,499.2,396.2,1.07,2004-06-01
100001522,100001522,san_diego,US,0.5027,10.00,optical_rgb,none,none,obb+hbb,val,coord_match,32.6623,-117.121053,18,1173,810,1,sealand,589.7,407.2,1.07,2004-06-01
100001523,100001523,san_diego,US,0.5027,10.00,optical_rgb,none,none,obb+hbb,train,coord_match,32.6623,-117.121053,18,1144,805,1,sealand,575.1,404.7,1.07,2004-06-01
100001524,100001524,san_diego,US,0.5027,10.00,optical_rgb,none,none,obb+hbb,train,coord_match,32.6623,-117.121053,18,1121,763,1,sealand,563.6,383.6,1.07,2004-06-01
100001525,100001525,san_diego,US,0.5027,10.00,optical_rgb,none,none,obb+hbb,val,coord_match,32.6623,-117.121053,18,1129,768,1,sealand,567.6,386.1,1.07,2004-06-01
100001526,100001526,san_diego,US,0.5027,10.00,optical_rgb,none,none,obb+hbb,train,coord_match,32.6623,-117.121053,18,1158,813,1,sealand,582.2,408.7,1.07,2004-06-01
100001527,100001527,san_diego,US,0.5027,10.00,optical_rgb,none,none,obb+hbb,test,coord_match,32.6623,-117.121053,18,1122,767,2,sealand,564.1,385.6,1.07,2004-04-01
100001528,100001528,san_diego,US,0.5027,10.00,optical_rgb,none,none,obb+hbb,test,coord_match,32.6623,-117.121053,18,1191,819,5,sealand,598.8,411.7,1.07,2004-04-01
100001529,100001529,san_diego,US,0.5027,10.00,optical_rgb,none,none,obb+hbb,test,coord_match,32.6623,-117.121053,18,1173,803,2,sealand,589.7,403.7,1.07,2004-04-01
100001530,100001530,san_diego,US,0.5027,10.00,optical_rgb,none,none,obb+hbb,val,coord_match,32.6623,-117.121053,18,1128,817,5,sealand,567.1,410.7,1.07,2004-04-01
100001531,100001531,san_diego,US,0.5027,10.00,optical_rgb,none,none,obb+hbb,test,coord_match,32.6623,-117.121053,18,981,823,6,sealand,493.2,413.7,1.07,2004-04-01
100001532,100001532,san_diego,US,0.5027,10.00,optical_rgb,none,none,obb+hbb,test,coord_match,32.6623,-117.121053,18,1097,821,6,sealand,551.5,412.7,1.07,2004-04-01
100001533,100001533,san_diego,US,0.5027,10.00,optical_rgb,none,none,obb+hbb,test,coord_match,32.6623,-117.121053,18,1063,823,5,sealand,534.4,413.7,1.07,2004-04-01
100001534,100001534,san_diego,US,0.5027,10.00,optical_rgb,none,none,obb+hbb,test,coord_match,32.6623,-117.121053,18,1065,821,3,sealand,535.4,412.7,1.07,2004-04-01
100001535,100001535,san_diego,US,0.5027,10.00,optical_rgb,none,none,obb+hbb,train,coord_match,32.6623,-117.121053,18,884,738,1,sealand,444.4,371.0,1.07,2004-04-01
100001536,100001536,san_diego,US,0.5027,10.00,optical_rgb,none,none,obb+hbb,val,coord_match,32.6623,-117.121053,18,1186,818,2,sealand,596.2,411.2,1.07,2004-04-01
100001537,100001537,san_diego,US,0.5027,10.00,optical_rgb,none,none,obb+hbb,test,coord_match,32.6623,-117.121053,18,1008,818,1,sealand,506.8,411.2,1.07,2004-04-01
100001538,100001538,san_diego,US,0.5027,10.00,optical_rgb,none,none,obb+hbb,test,coord_match,32.6623,-117.121053,18,933,827,1,sealand,469.0,415.8,1.07,2004-04-01
100001539,100001539,san_diego,US,0.5027,10.00,optical_rgb,none,none,obb+hbb,train,coord_match,32.6623,-117.121053,18,824,802,1,sealand,414.3,403.2,1.07,2003-12-01
100001540,100001540,san_diego,US,0.5027,10.00,optical_rgb,none,none,obb+hbb,test,coord_match,32.6623,-117.121053,18,821,722,1,sealand,412.7,363.0,1.07,2003-12-01
100001541,100001541,san_diego,US,0.5027,10.00,optical_rgb,none,none,obb+hbb,test,coord_match,32.6623,-117.121053,18,960,711,1,sealand,482.6,357.4,1.07,2003-12-01
100001542,100001542,san_diego,US,0.5027,10.00,optical_rgb,none,none,obb+hbb,test,coord_match,32.6623,-117.121053,18,1158,820,2,sealand,582.2,412.2,1.07,2003-12-01
100001543,100001543,san_diego,US,0.5027,10.00,optical_rgb,none,none,obb+hbb,test,coord_match,32.6623,-117.121053,18,1196,829,7,sealand,601.3,416.8,1.07,2003-12-01
100001544,100001544,san_diego,US,0.5027,10.00,optical_rgb,none,none,obb+hbb,test,coord_match,32.6623,-117.121053,18,1187,821,5,sealand,596.7,412.7,1.07,2003-12-01
100001545,100001545,san_diego,US,0.5027,10.00,optical_rgb,none,none,obb+hbb,test,coord_match,32.6623,-117.121053,18,1197,832,6,sealand,601.8,418.3,1.07,2003-12-01
100001546,100001546,san_diego,US,0.5027,10.00,optical_rgb,none,none,obb+hbb,train,coord_match,32.6623,-117.121053,18,961,812,2,sealand,483.1,408.2,1.07,2003-12-01
100001547,100001547,san_diego,US,0.5027,10.00,optical_rgb,none,none,obb+hbb,train,coord_match,32.6623,-117.121053,18,1166,817,2,sealand,586.2,410.7,1.07,2003-12-01
100001548,100001548,san_diego,US,0.5027,10.00,optical_rgb,none,none,obb+hbb,test,coord_match,32.6623,-117.121053,18,1143,821,2,sealand,574.6,412.7,1.07,2003-12-01
100001549,100001549,san_diego,US,0.5027,10.00,optical_rgb,none,none,obb+hbb,test,coord_match,32.6623,-117.121053,18,1110,808,1,sealand,558.0,406.2,1.07,2003-12-01
100001550,100001550,san_diego,US,0.5027,10.00,optical_rgb,none,none,obb+hbb,val,coord_match,32.6623,-117.121053,18,1154,825,1,sealand,580.2,414.8,1.07,2003-12-01
100001551,100001551,san_diego,US,0.5027,10.00,optical_rgb,none,none,obb+hbb,train,coord_match,32.6623,-117.121053,18,1124,808,2,sealand,565.1,406.2,1.07,2003-12-01
100001552,100001552,san_diego,US,0.5027,10.00,optical_rgb,none,none,obb+hbb,test,coord_match,32.6623,-117.121053,18,1184,838,5,sealand,595.2,421.3,1.07,2003-10-01
100001553,100001553,san_diego,US,0.5027,10.00,optical_rgb,none,none,obb+hbb,train,coord_match,32.6623,-117.121053,18,988,805,4,sealand,496.7,404.7,1.07,2003-10-01
100001554,100001554,san_diego,US,0.5027,10.00,optical_rgb,none,none,obb+hbb,test,coord_match,32.6623,-117.121053,18,1169,832,8,sealand,587.7,418.3,1.07,2003-10-01
100001555,100001555,san_diego,US,0.5027,10.00,optical_rgb,none,none,obb+hbb,test,coord_match,32.6623,-117.121053,18,1186,836,5,sealand,596.2,420.3,1.07,2003-10-01
100001556,100001556,san_diego,US,0.5027,10.00,optical_rgb,none,none,obb+hbb,train,coord_match,32.6623,-117.121053,18,1179,829,7,sealand,592.7,416.8,1.07,2003-10-01
100001557,100001557,san_diego,US,0.5027,10.00,optical_rgb,none,none,obb+hbb,train,coord_match,32.6623,-117.121053,18,1114,814,7,sealand,560.0,409.2,1.07,2003-10-01
100001558,100001558,san_diego,US,0.5027,10.00,optical_rgb,none,none,obb+hbb,train,coord_match,32.6623,-117.121053,18,1112,817,4,sealand,559.0,410.7,1.07,2003-10-01
100001559,100001559,san_diego,US,0.5027,10.00,optical_rgb,none,none,obb+hbb,train,coord_match,32.6623,-117.121053,18,1082,815,1,sealand,544.0,409.7,1.07,2003-10-01
100001560,100001560,san_diego,US,0.5027,10.00,optical_rgb,none,none,obb+hbb,test,coord_match,32.6623,-117.121053,18,970,807,1,sealand,487.7,405.7,1.07,2003-10-01
100001561,100001561,san_diego,US,0.5027,10.00,optical_rgb,none,none,obb+hbb,test,coord_match,32.6623,-117.121053,18,1155,812,1,sealand,580.7,408.2,1.07,2003-10-01
100001562,100001562,san_diego,US,0.5027,10.00,optical_rgb,none,none,obb+hbb,test,coord_match,32.6623,-117.121053,18,1007,800,1,sealand,506.3,402.2,1.07,2003-10-01
100001563,100001563,san_diego,US,0.5027,10.00,optical_rgb,none,none,obb+hbb,train,coord_match,32.6623,-117.121053,18,1070,804,1,sealand,537.9,404.2,1.07,2003-10-01
100001564,100001564,san_diego,US,0.5027,10.00,optical_rgb,none,none,obb+hbb,train,coord_match,32.6623,-117.121053,18,1149,824,1,sealand,577.6,414.3,1.07,2003-10-01
100001565,100001565,san_diego,US,0.5027,10.00,optical_rgb,none,none,obb+hbb,test,coord_match,32.6623,-117.121053,18,1089,805,1,sealand,547.5,404.7,1.07,2003-03-01
100001566,100001566,san_diego,US,0.5027,10.00,optical_rgb,none,none,obb+hbb,train,coord_match,32.6623,-117.121053,18,1073,814,3,sealand,539.4,409.2,1.07,2003-03-01
100001567,100001567,san_diego,US,0.5027,10.00,optical_rgb,none,none,obb+hbb,test,coord_match,32.6623,-117.121053,18,1174,819,3,sealand,590.2,411.7,1.07,2003-03-01
100001568,100001568,san_diego,US,0.5027,10.00,optical_rgb,none,none,obb+hbb,test,coord_match,32.6623,-117.121053,18,1166,822,3,sealand,586.2,413.2,1.07,2003-03-01
100001569,100001569,san_diego,US,0.5027,10.00,optical_rgb,none,none,obb+hbb,train,coord_match,32.6623,-117.121053,18,1176,821,5,sealand,591.2,412.7,1.07,2003-03-01
100001570,100001570,san_diego,US,0.5027,10.00,optical_rgb,none,none,obb+hbb,test,coord_match,32.6623,-117.121053,18,1102,813,3,sealand,554.0,408.7,1.07,2003-03-01
100001571,100001571,san_diego,US,0.5027,10.00,optical_rgb,none,none,obb+hbb,train,coord_match,32.6623,-117.121053,18,1161,834,4,sealand,583.7,419.3,1.07,2003-03-01
100001572,100001572,san_diego,US,0.5027,10.00,optical_rgb,none,none,obb+hbb,test,coord_match,32.6623,-117.121053,18,1076,839,1,sealand,540.9,421.8,1.07,2003-03-01
100001573,100001573,san_diego,US,0.5027,10.00,optical_rgb,none,none,obb+hbb,test,coord_match,32.6623,-117.121053,18,1155,819,2,sealand,580.7,411.7,1.07,2003-03-01
100001574,100001574,san_diego,US,0.5027,10.00,optical_rgb,none,none,obb+hbb,test,coord_match,32.6623,-117.121053,18,1124,823,2,sealand,565.1,413.7,1.07,2003-03-01
100001575,100001575,san_diego,US,0.5027,10.00,optical_rgb,none,none,obb+hbb,train,coord_match,32.6623,-117.121053,18,1077,796,2,sealand,541.4,400.2,1.07,2003-03-01
100001576,100001576,san_diego,US,0.5027,10.00,optical_rgb,none,none,obb+hbb,train,coord_match,32.6623,-117.121053,18,1087,833,1,sealand,546.5,418.8,1.07,2003-03-01
100001577,100001577,san_diego,US,0.5027,10.00,optical_rgb,none,none,obb+hbb,val,coord_match,32.6623,-117.121053,18,1127,829,1,sealand,566.6,416.8,1.07,2003-03-01
100001578,100001578,san_diego,US,0.5027,10.00,optical_rgb,none,none,obb+hbb,train,coord_match,32.6623,-117.121053,18,1170,810,1,sealand,588.2,407.2,1.07,2003-02-01
100001579,100001579,san_diego,US,0.5027,10.00,optical_rgb,none,none,obb+hbb,train,coord_match,32.6623,-117.121053,18,1176,813,1,sealand,591.2,408.7,1.07,2003-02-01
100001580,100001580,san_diego,US,0.5027,10.00,optical_rgb,none,none,obb+hbb,train,coord_match,32.6623,-117.121053,18,996,825,5,sealand,500.7,414.8,1.07,2003-02-01
100001581,100001581,san_diego,US,0.5027,10.00,optical_rgb,none,none,obb+hbb,test,coord_match,32.6623,-117.121053,18,1161,822,5,sealand,583.7,413.2,1.07,2003-02-01
100001582,100001582,san_diego,US,0.5027,10.00,optical_rgb,none,none,obb+hbb,test,coord_match,32.6623,-117.121053,18,1168,830,2,sealand,587.2,417.3,1.07,2003-02-01
100001583,100001583,san_diego,US,0.5027,10.00,optical_rgb,none,none,obb+hbb,test,coord_match,32.6623,-117.121053,18,1175,833,7,sealand,590.7,418.8,1.07,2003-02-01
100001584,100001584,san_diego,US,0.5027,10.00,optical_rgb,none,none,obb+hbb,test,coord_match,32.6623,-117.121053,18,1179,830,4,sealand,592.7,417.3,1.07,2003-02-01
100001585,100001585,san_diego,US,0.5027,10.00,optical_rgb,none,none,obb+hbb,train,coord_match,32.6623,-117.121053,18,1036,780,1,sealand,520.8,392.1,1.07,2003-02-01
100001586,100001586,san_diego,US,0.5027,10.00,optical_rgb,none,none,obb+hbb,train,coord_match,32.6623,-117.121053,18,1044,832,5,sealand,524.9,418.3,1.07,2003-02-01
100001587,100001587,san_diego,US,0.5027,10.00,optical_rgb,none,none,obb+hbb,train,coord_match,32.6623,-117.121053,18,906,699,1,sealand,455.5,351.4,1.07,2003-02-01
100001588,100001588,san_diego,US,0.5027,10.00,optical_rgb,none,none,obb+hbb,val,coord_match,32.6623,-117.121053,18,1131,819,1,sealand,568.6,411.7,1.07,2003-02-01
100001589,100001589,san_diego,US,0.5027,10.00,optical_rgb,none,none,obb+hbb,test,coord_match,32.6623,-117.121053,18,1027,734,1,sealand,516.3,369.0,1.07,2003-02-01
100001590,100001590,san_diego,US,0.5027,10.00,optical_rgb,none,none,obb+hbb,val,coord_match,32.6623,-117.121053,18,1045,766,1,sealand,525.4,385.1,1.07,2003-02-01
100001591,100001591,san_diego,US,0.5027,10.00,optical_rgb,none,none,obb+hbb,test,coord_match,32.6623,-117.121053,18,1060,729,2,sealand,532.9,366.5,1.07,2003-03-01
100001592,100001592,san_diego,US,0.5027,10.00,optical_rgb,none,none,obb+hbb,test,coord_match,32.6623,-117.121053,18,1067,785,1,sealand,536.4,394.6,1.07,2003-10-01
100001593,100001593,san_diego,US,0.5027,10.00,optical_rgb,none,none,obb+hbb,train,coord_match,32.6623,-117.121053,18,1107,821,2,sealand,556.5,412.7,1.07,2003-12-01
100001594,100001594,san_diego,US,0.5027,10.00,optical_rgb,none,none,obb+hbb,test,coord_match,32.6623,-117.121053,18,1029,802,2,sealand,517.3,403.2,1.07,2004-05-01
100001595,100001595,san_diego,US,0.5027,10.00,optical_rgb,none,none,obb+hbb,test,coord_match,32.6623,-117.121053,18,1075,773,2,sealand,540.4,388.6,1.07,2004-05-01
100001596,100001596,san_diego,US,0.5027,10.00,optical_rgb,none,none,obb+hbb,test,coord_match,32.6623,-117.121053,18,1030,811,3,sealand,517.8,407.7,1.07,2005-08-01
100001597,100001597,san_diego,US,0.5027,10.00,optical_rgb,none,none,obb+hbb,test,coord_match,32.6623,-117.121053,18,1036,786,3,sealand,520.8,395.1,1.07,2005-10-01
100001598,100001598,san_diego,US,0.5027,10.00,optical_rgb,none,none,obb+hbb,train,coord_match,32.6623,-117.121053,18,907,717,2,sealand,456.0,360.5,1.07,2006-01-01
100001599,100001599,san_diego,US,0.5027,10.00,optical_rgb,none,none,obb+hbb,test,coord_match,32.6623,-117.121053,18,957,806,2,sealand,481.1,405.2,1.07,2007-05-01
100001600,100001600,san_diego,US,0.5027,10.00,optical_rgb,none,none,obb+hbb,val,coord_match,32.6623,-117.121053,18,1057,810,1,sealand,531.4,407.2,1.07,2002-12-01
100001601,100001601,san_diego,US,0.5027,10.00,optical_rgb,none,none,obb+hbb,val,coord_match,32.6623,-117.121053,18,1166,830,4,sealand,586.2,417.3,1.07,2002-12-01
100001602,100001602,san_diego,US,0.5027,10.00,optical_rgb,none,none,obb+hbb,test,coord_match,32.6623,-117.121053,18,742,749,3,sealand,373.0,376.5,1.07,2002-12-01
100001603,100001603,san_diego,US,0.5027,10.00,optical_rgb,none,none,obb+hbb,train,coord_match,32.6623,-117.121053,18,1169,834,10,sealand,587.7,419.3,1.07,2002-12-01
100001604,100001604,san_diego,US,0.5027,10.00,optical_rgb,none,none,obb+hbb,val,coord_match,32.6623,-117.121053,18,1168,827,13,sealand,587.2,415.8,1.07,2002-12-01
100001605,100001605,san_diego,US,0.5027,10.00,optical_rgb,none,none,obb+hbb,train,coord_match,32.6623,-117.121053,18,1148,825,9,sealand,577.1,414.8,1.07,2002-12-01
100001606,100001606,san_diego,US,0.5027,10.00,optical_rgb,none,none,obb+hbb,train,coord_match,32.6623,-117.121053,18,950,803,2,sealand,477.6,403.7,1.07,2002-12-01
100001607,100001607,san_diego,US,0.5027,10.00,optical_rgb,none,none,obb+hbb,train,coord_match,32.6623,-117.121053,18,1169,825,5,sealand,587.7,414.8,1.07,2002-12-01
100001608,100001608,san_diego,US,0.5027,10.00,optical_rgb,none,none,obb+hbb,test,coord_match,32.6623,-117.121053,18,1172,834,8,sealand,589.2,419.3,1.07,2002-12-01
100001609,100001609,san_diego,US,0.5027,10.00,optical_rgb,none,none,obb+hbb,test,coord_match,32.6623,-117.121053,18,1161,818,2,sealand,583.7,411.2,1.07,2002-12-01
100001610,100001610,san_diego,US,0.5027,10.00,optical_rgb,none,none,obb+hbb,test,coord_match,32.6623,-117.121053,18,879,757,2,sealand,441.9,380.6,1.07,2002-12-01
100001611,100001611,san_diego,US,0.5027,10.00,optical_rgb,none,none,obb+hbb,train,coord_match,32.6623,-117.121053,18,1161,815,6,sealand,583.7,409.7,1.07,2002-04-01
100001612,100001612,san_diego,US,0.5027,10.00,optical_rgb,none,none,obb+hbb,val,coord_match,32.6623,-117.121053,18,1136,766,6,sealand,571.1,385.1,1.07,2002-04-01
100001613,100001613,san_diego,US,0.5027,10.00,optical_rgb,none,none,obb+hbb,test,coord_match,32.6623,-117.121053,18,1167,818,4,sealand,586.7,411.2,1.07,2002-04-01
100001614,100001614,san_diego,US,0.5027,10.00,optical_rgb,none,none,obb+hbb,train,coord_match,32.6623,-117.121053,18,1057,787,4,sealand,531.4,395.7,1.07,2002-04-01
100001615,100001615,san_diego,US,0.5027,10.00,optical_rgb,none,none,obb+hbb,test,coord_match,32.6623,-117.121053,18,1044,774,3,sealand,524.9,389.1,1.07,2002-04-01
100001616,100001616,san_diego,US,0.5027,10.00,optical_rgb,none,none,obb+hbb,test,coord_match,32.6623,-117.121053,18,1036,721,5,sealand,520.8,362.5,1.07,2002-04-01
100001617,100001617,san_diego,US,0.5027,10.00,optical_rgb,none,none,obb+hbb,train,coord_match,32.6623,-117.121053,18,1186,832,4,sealand,596.2,418.3,1.07,2002-04-01
100001618,100001618,san_diego,US,0.5027,10.00,optical_rgb,none,none,obb+hbb,val,coord_match,32.6623,-117.121053,18,1131,797,1,sealand,568.6,400.7,1.07,2002-04-01
100001619,100001619,san_diego,US,0.5027,10.00,optical_rgb,none,none,obb+hbb,train,coord_match,32.6623,-117.121053,18,1051,806,1,sealand,528.4,405.2,1.07,2002-04-01
100001620,100001620,san_diego,US,0.5027,10.00,optical_rgb,none,none,obb+hbb,train,coord_match,32.6623,-117.121053,18,1033,808,1,sea,519.3,406.2,1.07,2002-04-01
100001621,100001621,san_diego,US,0.5027,10.00,optical_rgb,none,none,obb+hbb,train,coord_match,32.6623,-117.121053,18,869,713,1,sealand,436.9,358.4,1.07,2002-04-01
100001622,100001622,san_diego,US,0.5027,10.00,optical_rgb,none,none,obb+hbb,val,coord_match,32.6623,-117.121053,18,947,764,2,sea,476.1,384.1,1.07,2002-04-01
100001623,100001623,san_diego,US,0.5027,10.00,optical_rgb,none,none,obb+hbb,val,coord_match,32.6623,-117.121053,18,1130,823,1,sealand,568.1,413.7,1.07,2002-04-01
100001624,100001624,san_diego,US,0.5027,10.00,optical_rgb,none,none,obb+hbb,train,coord_match,32.6623,-117.121053,18,1134,816,4,sealand,570.1,410.2,1.07,2001-06-01
100001625,100001625,san_diego,US,0.5027,10.00,optical_rgb,none,none,obb+hbb,train,coord_match,32.6623,-117.121053,18,1057,813,5,sealand,531.4,408.7,1.07,2001-06-01
100001626,100001626,san_diego,US,0.5027,10.00,optical_rgb,none,none,obb+hbb,train,coord_match,32.6623,-117.121053,18,1181,816,6,sealand,593.7,410.2,1.07,2001-06-01
100001627,100001627,san_diego,US,0.5027,10.00,optical_rgb,none,none,obb+hbb,train,coord_match,32.6623,-117.121053,18,1135,807,4,sealand,570.6,405.7,1.07,2001-06-01
100001628,100001628,san_diego,US,0.5027,10.00,optical_rgb,none,none,obb+hbb,test,coord_match,32.6623,-117.121053,18,1096,765,2,sealand,551.0,384.6,1.07,2001-06-01
100001629,100001629,san_diego,US,0.5027,10.00,optical_rgb,none,none,obb+hbb,train,coord_match,32.6623,-117.121053,18,967,617,3,sealand,486.1,310.2,1.07,2001-06-01
100001630,100001630,san_diego,US,0.5027,10.00,optical_rgb,none,none,obb+hbb,train,coord_match,32.6623,-117.121053,18,965,639,4,sealand,485.1,321.2,1.07,2001-06-01
100001631,100001631,san_diego,US,0.5027,10.00,optical_rgb,none,none,obb+hbb,train,coord_match,32.6623,-117.121053,18,1087,809,8,sealand,546.5,406.7,1.07,2001-06-01
100001632,100001632,san_diego,US,0.5027,10.00,optical_rgb,none,none,obb+hbb,val,coord_match,32.6623,-117.121053,18,1123,830,2,sealand,564.6,417.3,1.07,2001-06-01
100001633,100001633,san_diego,US,0.5027,10.00,optical_rgb,none,none,obb+hbb,test,coord_match,32.6623,-117.121053,18,1051,740,1,sealand,528.4,372.0,1.07,2001-06-01
100001634,100001634,san_diego,US,0.5027,10.00,optical_rgb,none,none,obb+hbb,train,coord_match,32.6623,-117.121053,18,1019,803,2,sealand,512.3,403.7,1.07,2001-06-01
100001635,100001635,san_diego,US,0.5027,10.00,optical_rgb,none,none,obb+hbb,test,coord_match,32.6623,-117.121053,18,1155,833,5,sealand,580.7,418.8,1.07,2001-06-01
100001636,100001636,san_diego,US,0.5027,10.00,optical_rgb,none,none,obb+hbb,test,coord_match,32.6623,-117.121053,18,869,712,3,sealand,436.9,357.9,1.07,2001-06-01
100001637,100001637,san_diego,US,0.5027,10.00,optical_rgb,none,none,obb+hbb,train,coord_match,32.6623,-117.121053,18,1038,794,2,sealand,521.8,399.2,1.07,2001-06-01
100001638,100001638,san_diego,US,0.5027,10.00,optical_rgb,none,none,obb+hbb,test,coord_match,32.6623,-117.121053,18,1126,820,4,sealand,566.1,412.2,1.07,2001-06-01
100001639,100001639,san_diego,US,0.5027,10.00,optical_rgb,none,none,obb+hbb,test,coord_match,32.6623,-117.121053,18,939,710,2,sealand,472.1,356.9,1.07,2001-06-01
100001640,100001640,san_diego,US,0.5027,10.00,optical_rgb,none,none,obb+hbb,val,coord_match,32.6623,-117.121053,18,979,770,3,sealand,492.2,387.1,1.07,2001-06-01
100001641,100001641,san_diego,US,0.5027,10.00,optical_rgb,none,none,obb+hbb,train,coord_match,32.6623,-117.121053,18,713,798,2,sealand,358.4,401.2,1.07,2001-06-01
100001642,100001642,san_diego,US,0.5027,10.00,optical_rgb,none,none,obb+hbb,test,coord_match,32.6623,-117.121053,18,1049,825,11,sealand,527.4,414.8,1.07,2001-06-01
100001643,100001643,san_diego,US,0.5027,10.00,optical_rgb,none,none,obb+hbb,train,coord_match,32.6623,-117.121053,18,896,665,1,sealand,450.4,334.3,1.07,2001-06-01
100001644,100001644,san_diego,US,0.5027,10.00,optical_rgb,none,none,obb+hbb,test,coord_match,32.6623,-117.121053,18,1073,802,2,sealand,539.4,403.2,1.07,2001-06-01
100001645,100001645,san_diego,US,0.5027,10.00,optical_rgb,none,none,obb+hbb,test,coord_match,32.6623,-117.121053,18,1072,711,1,sealand,538.9,357.4,1.07,2001-06-01
100001646,100001646,san_diego,US,0.5027,10.00,optical_rgb,none,none,obb+hbb,test,coord_match,32.6623,-117.121053,18,739,687,1,sea,371.5,345.4,1.07,2001-06-01
100001647,100001647,san_diego,US,0.5027,10.00,optical_rgb,none,none,obb+hbb,train,coord_match,32.6623,-117.121053,18,1009,816,5,sealand,507.3,410.2,1.07,2001-06-01
100001648,100001648,san_diego,US,0.5027,10.00,optical_rgb,none,none,obb+hbb,val,coord_match,32.6623,-117.121053,18,1089,778,1,sealand,547.5,391.1,1.07,2001-06-01
100001649,100001649,san_diego,US,0.5027,10.00,optical_rgb,none,none,obb+hbb,test,coord_match,32.6623,-117.121053,18,1182,817,4,sealand,594.2,410.7,1.07,2000-02-01
100001650,100001650,san_diego,US,0.5027,10.00,optical_rgb,none,none,obb+hbb,train,coord_match,32.6623,-117.121053,18,1164,830,4,sealand,585.2,417.3,1.07,2000-02-01
100001651,100001651,san_diego,US,0.5027,10.00,optical_rgb,none,none,obb+hbb,train,coord_match,32.6623,-117.121053,18,1121,833,6,sealand,563.6,418.8,1.07,2000-02-01
100001652,100001652,san_diego,US,0.5027,10.00,optical_rgb,none,none,obb+hbb,test,coord_match,32.6623,-117.121053,18,1047,829,8,sealand,526.4,416.8,1.07,2000-02-01
100001653,100001653,san_diego,US,0.5027,10.00,optical_rgb,none,none,obb+hbb,train,coord_match,32.6623,-117.121053,18,1163,833,5,sealand,584.7,418.8,1.07,2000-02-01
100001654,100001654,san_diego,US,0.5027,10.00,optical_rgb,none,none,obb+hbb,val,coord_match,32.6623,-117.121053,18,1169,828,4,sealand,587.7,416.3,1.07,2000-02-01
100001655,100001655,san_diego,US,0.5027,10.00,optical_rgb,none,none,obb+hbb,train,coord_match,32.6623,-117.121053,18,1150,813,6,sealand,578.1,408.7,1.07,2000-02-01
100001656,100001656,san_diego,US,0.5027,10.00,optical_rgb,none,none,obb+hbb,train,coord_match,32.6623,-117.121053,18,1131,815,4,sealand,568.6,409.7,1.07,2000-02-01
100001657,100001657,san_diego,US,0.5027,10.00,optical_rgb,none,none,obb+hbb,val,coord_match,32.6623,-117.121053,18,873,700,1,sealand,438.9,351.9,1.07,2000-02-01
100001658,100001658,san_diego,US,0.5027,10.00,optical_rgb,none,none,obb+hbb,test,coord_match,32.6623,-117.121053,18,826,684,1,sealand,415.3,343.9,1.07,2000-02-01
100001659,100001659,san_diego,US,0.5027,10.00,optical_rgb,none,none,obb+hbb,test,coord_match,32.6623,-117.121053,18,1197,828,7,sealand,601.8,416.3,1.07,2000-02-01
100001660,100001660,san_diego,US,0.5027,10.00,optical_rgb,none,none,obb+hbb,test,coord_match,32.6623,-117.121053,18,914,771,1,sealand,459.5,387.6,1.07,2000-02-01
100001661,100001661,san_diego,US,0.5027,10.00,optical_rgb,none,none,obb+hbb,train,coord_match,32.6623,-117.121053,18,1201,792,4,sealand,603.8,398.2,1.07,2000-02-01
100001662,100001662,san_diego,US,0.5027,10.00,optical_rgb,none,none,obb+hbb,test,coord_match,32.6623,-117.121053,18,1234,824,4,sealand,620.4,414.3,1.07,2000-02-01
100001663,100001663,san_diego,US,0.5027,10.00,optical_rgb,none,none,obb+hbb,val,coord_match,32.6623,-117.121053,18,1103,830,7,sealand,554.5,417.3,1.07,2000-02-01
100001664,100001664,san_diego,US,0.5027,10.00,optical_rgb,none,none,obb+hbb,test,coord_match,32.6623,-117.121053,18,1119,823,3,sealand,562.6,413.7,1.07,2000-02-01
100001665,100001665,san_diego,US,0.5027,10.00,optical_rgb,none,none,obb+hbb,train,coord_match,32.6623,-117.121053,18,1130,829,6,sealand,568.1,416.8,1.07,2000-02-01
100001666,100001666,san_diego,US,0.5027,10.00,optical_rgb,none,none,obb+hbb,train,coord_match,32.6623,-117.121053,18,1205,839,4,sealand,605.8,421.8,1.07,2000-02-01
100001667,100001667,san_diego,US,0.5027,10.00,optical_rgb,none,none,obb+hbb,test,coord_match,32.6623,-117.121053,18,859,683,1,sealand,431.8,343.4,1.07,2000-02-01
100001668,100001668,san_diego,US,0.5027,10.00,optical_rgb,none,none,obb+hbb,val,coord_match,32.6623,-117.121053,18,1212,826,7,sealand,609.3,415.3,1.07,2000-02-01
100001669,100001669,san_diego,US,0.5027,10.00,optical_rgb,none,none,obb+hbb,test,coord_match,32.6623,-117.121053,18,928,816,1,sealand,466.5,410.2,1.07,2000-02-01
100001670,100001670,san_diego,US,0.5027,10.00,optical_rgb,none,none,obb+hbb,train,coord_match,32.6623,-117.121053,18,1067,780,1,sealand,536.4,392.1,1.07,2000-02-01
100001671,100001671,san_diego,US,0.5027,10.00,optical_rgb,none,none,obb+hbb,train,coord_match,32.6623,-117.121053,18,785,673,1,sealand,394.6,338.3,1.07,2000-01-01
100001672,100001672,san_diego,US,0.5027,10.00,optical_rgb,none,none,obb+hbb,test,coord_match,32.6623,-117.121053,18,1010,829,3,sealand,507.8,416.8,1.07,2000-01-01
100001673,100001673,san_diego,US,0.5027,10.00,optical_rgb,none,none,obb+hbb,test,coord_match,32.6623,-117.121053,18,810,662,3,sealand,407.2,332.8,1.07,2000-01-01
100001674,100001674,san_diego,US,0.5027,10.00,optical_rgb,none,none,obb+hbb,test,coord_match,32.6623,-117.121053,18,813,676,3,sealand,408.7,339.8,1.07,2000-01-01
100001675,100001675,san_diego,US,0.5027,10.00,optical_rgb,none,none,obb+hbb,test,coord_match,32.6623,-117.121053,18,1167,821,3,sealand,586.7,412.7,1.07,2000-01-01
100001676,100001676,san_diego,US,0.5027,10.00,optical_rgb,none,none,obb+hbb,train,coord_match,32.6623,-117.121053,18,1206,810,7,sealand,606.3,407.2,1.07,2000-01-01
100001677,100001677,san_diego,US,0.5027,10.00,optical_rgb,none,none,obb+hbb,train,coord_match,32.6623,-117.121053,18,1195,823,10,sealand,600.8,413.7,1.07,2000-01-01
100001678,100001678,san_diego,US,0.5027,10.00,optical_rgb,none,none,obb+hbb,val,coord_match,32.6623,-117.121053,18,1238,837,8,sealand,622.4,420.8,1.07,2000-01-01
100001679,100001679,san_diego,US,0.5027,10.00,optical_rgb,none,none,obb+hbb,val,coord_match,32.6623,-117.121053,18,1207,830,3,sealand,606.8,417.3,1.07,2000-01-01
100001680,100001680,san_diego,US,0.5027,10.00,optical_rgb,none,none,obb+hbb,train,coord_match,32.6623,-117.121053,18,987,804,3,sealand,496.2,404.2,1.07,2000-01-01
000001,000001,murmansk,RU,0.4272,10.00,optical_rgb,none,none,obb+hbb,unassigned,coord_match,69.040297,33.070036,17,1024,768,1,sea or sealand,437.5,328.1,,2015-04-06
